seed,aspect,orientation,length,short,version,raster,edges,mean_hamming,p10,median,min,zero_count,mean_normalized_hamming,mean_iou
1,1:1,H,100,100,4,normalized64,512,8.437500,4,8,0,4,0.00411987,0.97626865
1,1:1,H,100,100,5,normalized64,512,35.246094,17,34,3,0,0.01721001,0.90147496
1,1:1,H,100,100,4,display64,512,3.419922,1,3,0,24,0.00166988,0.97798840
1,1:1,H,100,100,5,display64,512,15.056641,8,14,1,0,0.00735188,0.90354160
1,2:1,H,200,100,4,normalized64,512,8.492188,4,8,0,4,0.00414658,0.97609841
1,2:1,H,200,100,5,normalized64,512,35.238281,18,34,3,0,0.01720619,0.90123644
1,2:1,H,200,100,4,display64,512,1.501953,0,1,0,113,0.00073338,0.98053683
1,2:1,H,200,100,5,display64,512,7.226562,3,7,0,4,0.00352859,0.90760714
1,4:1,H,400,100,4,normalized64,512,8.472656,4,8,0,4,0.00413704,0.97611636
1,4:1,H,400,100,5,normalized64,512,35.287109,18,34,4,0,0.01723003,0.90106972
1,4:1,H,400,100,4,display64,512,0.398438,0,0,0,339,0.00019455,0.99017529
1,4:1,H,400,100,5,display64,512,3.101562,1,3,0,14,0.00151443,0.91813613
1,1:2,H,100,100,4,normalized64,512,8.437500,4,8,0,4,0.00411987,0.97626865
1,1:2,H,100,100,5,normalized64,512,35.246094,17,34,3,0,0.01721001,0.90147496
1,1:2,H,100,100,4,display64,512,3.419922,1,3,0,24,0.00166988,0.97798840
1,1:2,H,100,100,5,display64,512,15.056641,8,14,1,0,0.00735188,0.90354160
1,1:4,H,100,100,4,normalized64,512,8.437500,4,8,0,4,0.00411987,0.97626865
1,1:4,H,100,100,5,normalized64,512,35.246094,17,34,3,0,0.01721001,0.90147496
1,1:4,H,100,100,4,display64,512,3.419922,1,3,0,24,0.00166988,0.97798840
1,1:4,H,100,100,5,display64,512,15.056641,8,14,1,0,0.00735188,0.90354160
1,1:1,V,100,100,4,normalized64,512,8.666016,4,8,1,0,0.00423145,0.97585800
1,1:1,V,100,100,5,normalized64,512,36.205078,20,36,4,0,0.01767826,0.89977280
1,1:1,V,100,100,4,display64,512,3.412109,1,3,0,12,0.00166607,0.97821344
1,1:1,V,100,100,5,display64,512,15.468750,8,15,2,0,0.00755310,0.90206895
1,2:1,V,100,100,4,normalized64,512,8.666016,4,8,1,0,0.00423145,0.97585800
1,2:1,V,100,100,5,normalized64,512,36.205078,20,36,4,0,0.01767826,0.89977280
1,2:1,V,100,100,4,display64,512,3.412109,1,3,0,12,0.00166607,0.97821344
1,2:1,V,100,100,5,display64,512,15.468750,8,15,2,0,0.00755310,0.90206895
1,4:1,V,100,100,4,normalized64,512,8.666016,4,8,1,0,0.00423145,0.97585800
1,4:1,V,100,100,5,normalized64,512,36.205078,20,36,4,0,0.01767826,0.89977280
1,4:1,V,100,100,4,display64,512,3.412109,1,3,0,12,0.00166607,0.97821344
1,4:1,V,100,100,5,display64,512,15.468750,8,15,2,0,0.00755310,0.90206895
1,1:2,V,200,100,4,normalized64,512,8.726562,4,8,1,0,0.00426102,0.97564212
1,1:2,V,200,100,5,normalized64,512,36.289062,20,35,4,0,0.01771927,0.89935756
1,1:2,V,200,100,4,display64,512,1.382812,0,1,0,112,0.00067520,0.98213392
1,1:2,V,200,100,5,display64,512,7.505859,4,7,0,2,0.00366497,0.90497445
1,1:4,V,400,100,4,normalized64,512,8.750000,4,8,1,0,0.00427246,0.97558997
1,1:4,V,400,100,5,normalized64,512,36.306641,20,36,4,0,0.01772785,0.89931328
1,1:4,V,400,100,4,display64,512,0.441406,0,0,0,318,0.00021553,0.98925596
1,1:4,V,400,100,5,display64,512,3.242188,1,3,0,12,0.00158310,0.91562390
42,1:1,H,100,100,4,normalized64,512,8.533203,4,8,0,2,0.00416660,0.97618911
42,1:1,H,100,100,5,normalized64,512,35.767578,18,35,8,0,0.01746464,0.90097367
42,1:1,H,100,100,4,display64,512,3.414062,1,3,0,14,0.00166702,0.97814072
42,1:1,H,100,100,5,display64,512,15.199219,8,14,2,0,0.00742149,0.90375253
42,2:1,H,200,100,4,normalized64,512,8.580078,4,8,0,2,0.00418949,0.97602170
42,2:1,H,200,100,5,normalized64,512,35.761719,18,35,7,0,0.01746178,0.90088625
42,2:1,H,200,100,4,display64,512,1.408203,0,1,0,126,0.00068760,0.98197999
42,2:1,H,200,100,5,display64,512,7.402344,4,7,0,4,0.00361443,0.90643097
42,4:1,H,400,100,4,normalized64,512,8.556641,4,8,1,0,0.00417805,0.97610271
42,4:1,H,400,100,5,normalized64,512,35.835938,18,35,7,0,0.01749802,0.90058608
42,4:1,H,400,100,4,display64,512,0.376953,0,0,0,344,0.00018406,0.99073549
42,4:1,H,400,100,5,display64,512,3.203125,1,3,0,20,0.00156403,0.91712953
42,1:2,H,100,100,4,normalized64,512,8.533203,4,8,0,2,0.00416660,0.97618911
42,1:2,H,100,100,5,normalized64,512,35.767578,18,35,8,0,0.01746464,0.90097367
42,1:2,H,100,100,4,display64,512,3.414062,1,3,0,14,0.00166702,0.97814072
42,1:2,H,100,100,5,display64,512,15.199219,8,14,2,0,0.00742149,0.90375253
42,1:4,H,100,100,4,normalized64,512,8.533203,4,8,0,2,0.00416660,0.97618911
42,1:4,H,100,100,5,normalized64,512,35.767578,18,35,8,0,0.01746464,0.90097367
42,1:4,H,100,100,4,display64,512,3.414062,1,3,0,14,0.00166702,0.97814072
42,1:4,H,100,100,5,display64,512,15.199219,8,14,2,0,0.00742149,0.90375253
42,1:1,V,100,100,4,normalized64,512,8.753906,4,8,1,0,0.00427437,0.97568675
42,1:1,V,100,100,5,normalized64,512,36.931641,22,36,12,0,0.01803303,0.89635390
42,1:1,V,100,100,4,display64,512,3.517578,1,3,0,13,0.00171757,0.97768405
42,1:1,V,100,100,5,display64,512,15.703125,9,15,4,0,0.00766754,0.89877900
42,2:1,V,100,100,4,normalized64,512,8.753906,4,8,1,0,0.00427437,0.97568675
42,2:1,V,100,100,5,normalized64,512,36.931641,22,36,12,0,0.01803303,0.89635390
42,2:1,V,100,100,4,display64,512,3.517578,1,3,0,13,0.00171757,0.97768405
42,2:1,V,100,100,5,display64,512,15.703125,9,15,4,0,0.00766754,0.89877900
42,4:1,V,100,100,4,normalized64,512,8.753906,4,8,1,0,0.00427437,0.97568675
42,4:1,V,100,100,5,normalized64,512,36.931641,22,36,12,0,0.01803303,0.89635390
42,4:1,V,100,100,4,display64,512,3.517578,1,3,0,13,0.00171757,0.97768405
42,4:1,V,100,100,5,display64,512,15.703125,9,15,4,0,0.00766754,0.89877900
42,1:2,V,200,100,4,normalized64,512,8.800781,4,8,1,0,0.00429726,0.97558823
42,1:2,V,200,100,5,normalized64,512,36.900391,22,35,12,0,0.01801777,0.89618077
42,1:2,V,200,100,4,display64,512,1.457031,0,1,0,131,0.00071144,0.98141932
42,1:2,V,200,100,5,display64,512,7.619141,4,7,1,0,0.00372028,0.90202881
42,1:4,V,400,100,4,normalized64,512,8.837891,4,8,1,0,0.00431538,0.97546210
42,1:4,V,400,100,5,normalized64,512,36.970703,22,35,12,0,0.01805210,0.89602167
42,1:4,V,400,100,4,display64,512,0.408203,0,0,0,333,0.00019932,0.99006168
42,1:4,V,400,100,5,display64,512,3.365234,1,3,0,14,0.00164318,0.91159382
2026,1:1,H,100,100,4,normalized64,512,9.152344,4,9,0,2,0.00446892,0.97428716
2026,1:1,H,100,100,5,normalized64,512,36.910156,22,35,5,0,0.01802254,0.89667101
2026,1:1,H,100,100,4,display64,512,3.410156,1,3,0,24,0.00166512,0.97796164
2026,1:1,H,100,100,5,display64,512,15.892578,9,15,3,0,0.00776005,0.89838265
2026,2:1,H,200,100,4,normalized64,512,9.138672,4,9,0,2,0.00446224,0.97430576
2026,2:1,H,200,100,5,normalized64,512,37.041016,22,35,5,0,0.01808643,0.89621113
2026,2:1,H,200,100,4,display64,512,1.531250,0,1,0,93,0.00074768,0.98013665
2026,2:1,H,200,100,5,display64,512,7.781250,4,7,0,2,0.00379944,0.90070563
2026,4:1,H,400,100,4,normalized64,512,9.074219,4,9,0,2,0.00443077,0.97445074
2026,4:1,H,400,100,5,normalized64,512,37.111328,21,35,5,0,0.01812077,0.89592267
2026,4:1,H,400,100,4,display64,512,0.425781,0,0,0,324,0.00020790,0.98964182
2026,4:1,H,400,100,5,display64,512,3.244141,1,3,0,14,0.00158405,0.91480120
2026,1:2,H,100,100,4,normalized64,512,9.152344,4,9,0,2,0.00446892,0.97428716
2026,1:2,H,100,100,5,normalized64,512,36.910156,22,35,5,0,0.01802254,0.89667101
2026,1:2,H,100,100,4,display64,512,3.410156,1,3,0,24,0.00166512,0.97796164
2026,1:2,H,100,100,5,display64,512,15.892578,9,15,3,0,0.00776005,0.89838265
2026,1:4,H,100,100,4,normalized64,512,9.152344,4,9,0,2,0.00446892,0.97428716
2026,1:4,H,100,100,5,normalized64,512,36.910156,22,35,5,0,0.01802254,0.89667101
2026,1:4,H,100,100,4,display64,512,3.410156,1,3,0,24,0.00166512,0.97796164
2026,1:4,H,100,100,5,display64,512,15.892578,9,15,3,0,0.00776005,0.89838265
2026,1:1,V,100,100,4,normalized64,512,9.117188,4,9,1,0,0.00445175,0.97447702
2026,1:1,V,100,100,5,normalized64,512,34.587891,18,33,7,0,0.01688862,0.90238256
2026,1:1,V,100,100,4,display64,512,3.560547,1,3,0,19,0.00173855,0.97706704
2026,1:1,V,100,100,5,display64,512,14.794922,7,14,2,0,0.00722408,0.90399567
2026,2:1,V,100,100,4,normalized64,512,9.117188,4,9,1,0,0.00445175,0.97447702
2026,2:1,V,100,100,5,normalized64,512,34.587891,18,33,7,0,0.01688862,0.90238256
2026,2:1,V,100,100,4,display64,512,3.560547,1,3,0,19,0.00173855,0.97706704
2026,2:1,V,100,100,5,display64,512,14.794922,7,14,2,0,0.00722408,0.90399567
2026,4:1,V,100,100,4,normalized64,512,9.117188,4,9,1,0,0.00445175,0.97447702
2026,4:1,V,100,100,5,normalized64,512,34.587891,18,33,7,0,0.01688862,0.90238256
2026,4:1,V,100,100,4,display64,512,3.560547,1,3,0,19,0.00173855,0.97706704
2026,4:1,V,100,100,5,display64,512,14.794922,7,14,2,0,0.00722408,0.90399567
2026,1:2,V,200,100,4,normalized64,512,9.105469,4,8,1,0,0.00444603,0.97447300
2026,1:2,V,200,100,5,normalized64,512,34.662109,19,33,7,0,0.01692486,0.90196237
2026,1:2,V,200,100,4,display64,512,1.548828,0,1,0,110,0.00075626,0.97999870
2026,1:2,V,200,100,5,display64,512,7.220703,4,7,1,0,0.00352573,0.90658378
2026,1:4,V,400,100,4,normalized64,512,9.167969,4,9,1,0,0.00447655,0.97428368
2026,1:4,V,400,100,5,normalized64,512,34.716797,19,33,7,0,0.01695156,0.90169279
2026,1:4,V,400,100,4,display64,512,0.429688,0,0,0,332,0.00020981,0.98960272
2026,1:4,V,400,100,5,display64,512,3.052734,1,3,0,14,0.00149059,0.91900747
1311768467463790320,1:1,H,100,100,4,normalized64,512,8.923828,4,9,0,8,0.00435734,0.97498009
1311768467463790320,1:1,H,100,100,5,normalized64,512,35.042969,20,34,6,0,0.01711082,0.90137488
1311768467463790320,1:1,H,100,100,4,display64,512,3.527344,1,3,0,18,0.00172234,0.97741918
1311768467463790320,1:1,H,100,100,5,display64,512,15.019531,8,15,1,0,0.00733376,0.90352140
1311768467463790320,2:1,H,200,100,4,normalized64,512,9.003906,4,9,0,4,0.00439644,0.97474528
1311768467463790320,2:1,H,200,100,5,normalized64,512,35.099609,21,34,6,0,0.01713848,0.90111727
1311768467463790320,2:1,H,200,100,4,display64,512,1.554688,0,1,0,99,0.00075912,0.97984358
1311768467463790320,2:1,H,200,100,5,display64,512,7.203125,4,7,0,4,0.00351715,0.90718571
1311768467463790320,4:1,H,400,100,4,normalized64,512,9.029297,4,9,0,6,0.00440884,0.97470624
1311768467463790320,4:1,H,400,100,5,normalized64,512,35.111328,20,34,6,0,0.01714420,0.90101049
1311768467463790320,4:1,H,400,100,4,display64,512,0.414062,0,0,0,328,0.00020218,0.98980611
1311768467463790320,4:1,H,400,100,5,display64,512,3.130859,1,3,0,22,0.00152874,0.91711647
1311768467463790320,1:2,H,100,100,4,normalized64,512,8.923828,4,9,0,8,0.00435734,0.97498009
1311768467463790320,1:2,H,100,100,5,normalized64,512,35.042969,20,34,6,0,0.01711082,0.90137488
1311768467463790320,1:2,H,100,100,4,display64,512,3.527344,1,3,0,18,0.00172234,0.97741918
1311768467463790320,1:2,H,100,100,5,display64,512,15.019531,8,15,1,0,0.00733376,0.90352140
1311768467463790320,1:4,H,100,100,4,normalized64,512,8.923828,4,9,0,8,0.00435734,0.97498009
1311768467463790320,1:4,H,100,100,5,normalized64,512,35.042969,20,34,6,0,0.01711082,0.90137488
1311768467463790320,1:4,H,100,100,4,display64,512,3.527344,1,3,0,18,0.00172234,0.97741918
1311768467463790320,1:4,H,100,100,5,display64,512,15.019531,8,15,1,0,0.00733376,0.90352140
1311768467463790320,1:1,V,100,100,4,normalized64,512,8.929688,4,8,1,0,0.00436020,0.97524972
1311768467463790320,1:1,V,100,100,5,normalized64,512,35.677734,20,34,5,0,0.01742077,0.90100901
1311768467463790320,1:1,V,100,100,4,display64,512,3.537109,1,3,0,20,0.00172710,0.97763131
1311768467463790320,1:1,V,100,100,5,display64,512,15.220703,8,15,3,0,0.00743198,0.90335668
1311768467463790320,2:1,V,100,100,4,normalized64,512,8.929688,4,8,1,0,0.00436020,0.97524972
1311768467463790320,2:1,V,100,100,5,normalized64,512,35.677734,20,34,5,0,0.01742077,0.90100901
1311768467463790320,2:1,V,100,100,4,display64,512,3.537109,1,3,0,20,0.00172710,0.97763131
1311768467463790320,2:1,V,100,100,5,display64,512,15.220703,8,15,3,0,0.00743198,0.90335668
1311768467463790320,4:1,V,100,100,4,normalized64,512,8.929688,4,8,1,0,0.00436020,0.97524972
1311768467463790320,4:1,V,100,100,5,normalized64,512,35.677734,20,34,5,0,0.01742077,0.90100901
1311768467463790320,4:1,V,100,100,4,display64,512,3.537109,1,3,0,20,0.00172710,0.97763131
1311768467463790320,4:1,V,100,100,5,display64,512,15.220703,8,15,3,0,0.00743198,0.90335668
1311768467463790320,1:2,V,200,100,4,normalized64,512,9.011719,4,8,1,0,0.00440025,0.97496926
1311768467463790320,1:2,V,200,100,5,normalized64,512,35.755859,20,34,3,0,0.01745892,0.90066884
1311768467463790320,1:2,V,200,100,4,display64,512,1.464844,0,1,0,118,0.00071526,0.98134030
1311768467463790320,1:2,V,200,100,5,display64,512,7.429688,3,7,0,4,0.00362778,0.90622027
1311768467463790320,1:4,V,400,100,4,normalized64,512,9.021484,4,9,1,0,0.00440502,0.97492748
1311768467463790320,1:4,V,400,100,5,normalized64,512,35.845703,20,35,3,0,0.01750278,0.90034424
1311768467463790320,1:4,V,400,100,4,display64,512,0.378906,0,0,0,337,0.00018501,0.99081709
1311768467463790320,1:4,V,400,100,5,display64,512,3.203125,1,3,0,8,0.00156403,0.91590837
all,1:1,H,100,100,4,normalized64,2048,8.761719,4,8,0,16,0.00427818,0.97543125
all,1:1,H,100,100,5,normalized64,2048,35.741699,20,34,3,0,0.01745200,0.90012363
all,1:1,H,100,100,4,display64,2048,3.442871,1,3,0,80,0.00168109,0.97787749
all,1:1,H,100,100,5,display64,2048,15.291992,8,15,1,0,0.00746679,0.90229954
all,1:1,V,100,100,4,normalized64,2048,8.866699,4,8,1,0,0.00432944,0.97531787
all,1:1,V,100,100,5,normalized64,2048,35.850586,20,34,4,0,0.01750517,0.89987957
all,1:1,V,100,100,4,display64,2048,3.506836,1,3,0,64,0.00171232,0.97764896
all,1:1,V,100,100,5,display64,2048,15.296875,8,15,2,0,0.00746918,0.90205008
all,2:1,H,200,100,4,normalized64,2048,8.803711,4,9,0,12,0.00429869,0.97529279
all,2:1,H,200,100,5,normalized64,2048,35.785156,20,34,3,0,0.01747322,0.89986277
all,2:1,H,200,100,4,display64,2048,1.499023,0,1,0,431,0.00073195,0.98062426
all,2:1,H,200,100,5,display64,2048,7.403320,4,7,0,14,0.00361490,0.90548236
all,2:1,V,100,100,4,normalized64,2048,8.866699,4,8,1,0,0.00432944,0.97531787
all,2:1,V,100,100,5,normalized64,2048,35.850586,20,34,4,0,0.01750517,0.89987957
all,2:1,V,100,100,4,display64,2048,3.506836,1,3,0,64,0.00171232,0.97764896
all,2:1,V,100,100,5,display64,2048,15.296875,8,15,2,0,0.00746918,0.90205008
all,4:1,H,400,100,4,normalized64,2048,8.783203,4,8,0,12,0.00428867,0.97534401
all,4:1,H,400,100,5,normalized64,2048,35.836426,20,34,4,0,0.01749825,0.89964724
all,4:1,H,400,100,4,display64,2048,0.403809,0,0,0,1335,0.00019717,0.99008968
all,4:1,H,400,100,5,display64,2048,3.169922,1,3,0,70,0.00154781,0.91679584
all,4:1,V,100,100,4,normalized64,2048,8.866699,4,8,1,0,0.00432944,0.97531787
all,4:1,V,100,100,5,normalized64,2048,35.850586,20,34,4,0,0.01750517,0.89987957
all,4:1,V,100,100,4,display64,2048,3.506836,1,3,0,64,0.00171232,0.97764896
all,4:1,V,100,100,5,display64,2048,15.296875,8,15,2,0,0.00746918,0.90205008
all,1:2,H,100,100,4,normalized64,2048,8.761719,4,8,0,16,0.00427818,0.97543125
all,1:2,H,100,100,5,normalized64,2048,35.741699,20,34,3,0,0.01745200,0.90012363
all,1:2,H,100,100,4,display64,2048,3.442871,1,3,0,80,0.00168109,0.97787749
all,1:2,H,100,100,5,display64,2048,15.291992,8,15,1,0,0.00746679,0.90229954
all,1:2,V,200,100,4,normalized64,2048,8.911133,4,8,1,0,0.00435114,0.97516815
all,1:2,V,200,100,5,normalized64,2048,35.901855,20,34,3,0,0.01753020,0.89954238
all,1:2,V,200,100,4,display64,2048,1.463379,0,1,0,471,0.00071454,0.98122306
all,1:2,V,200,100,5,display64,2048,7.443848,4,7,0,6,0.00363469,0.90495183
all,1:4,H,100,100,4,normalized64,2048,8.761719,4,8,0,16,0.00427818,0.97543125
all,1:4,H,100,100,5,normalized64,2048,35.741699,20,34,3,0,0.01745200,0.90012363
all,1:4,H,100,100,4,display64,2048,3.442871,1,3,0,80,0.00168109,0.97787749
all,1:4,H,100,100,5,display64,2048,15.291992,8,15,1,0,0.00746679,0.90229954
all,1:4,V,400,100,4,normalized64,2048,8.944336,4,8,1,0,0.00436735,0.97506581
all,1:4,V,400,100,5,normalized64,2048,35.959961,20,35,3,0,0.01755857,0.89934299
all,1:4,V,400,100,4,display64,2048,0.414551,0,0,0,1320,0.00020242,0.98993436
all,1:4,V,400,100,5,display64,2048,3.215820,1,3,0,48,0.00157022,0.91553339
