seed,target,blank,orientation,edge_x,edge_y,raw0,raw1
1,A23,B1,H,819,52,222023805,5873714
1,A27,B2,V,732,881,189763410,16469958
1,A26,B3,H,508,433,33851003,15202249
1,A6,B4,V,403,885,243625610,7558604
1,A7,B5,H,161,898,171148972,5033480
1,A21,B6,V,779,311,148213924,15071966
1,A16,B7,V,311,75,198204694,9180085
1,A14,B8,V,61,760,202889262,16213283
1,A4,B9,V,25,791,80144742,10968893
1,A2,B10,H,171,346,231140957,7982212
1,A15,B11,V,326,228,117419146,843689
1,A32,B12,H,765,937,102124580,11387953
1,A3,B13,V,463,836,136132653,16313177
1,A30,B14,H,509,7,148824853,2848502
1,A13,B15,H,698,503,29811395,6823898
1,A31,B16,H,825,117,97462206,16631371
1,A5,B17,H,587,500,242098230,8676058
1,A24,B18,H,98,282,25042438,16550608
1,A11,B19,V,788,775,56131508,10461356
1,A12,B20,H,354,875,58844466,8611422
1,A18,B21,H,882,27,255000723,14541744
1,A1,B22,H,6,353,218403902,3284700
1,A22,B23,V,766,6,163212613,12837691
1,A19,B24,V,39,919,47040556,5870520
1,A10,B25,H,372,624,241128361,3465368
1,A25,B26,V,967,704,130746109,5580976
1,A17,B27,V,963,395,41111494,3791810
1,A20,B28,V,647,49,67412981,4658690
1,A29,B29,H,550,457,85984538,12769824
1,A28,B30,H,66,463,83447555,7593740
1,A8,B31,V,190,721,124329701,14156084
1,A9,B32,H,194,250,38129027,10027044
42,A21,B1,V,808,979,150735697,1150592
42,A24,B2,V,345,582,231245206,3048892
42,A25,B3,V,652,944,256428818,15917685
42,A7,B4,H,881,342,116991134,1219169
42,A13,B5,H,502,557,257766973,5908708
42,A3,B6,H,204,177,185794030,9336098
42,A19,B7,H,236,894,47385017,3653526
42,A8,B8,H,149,92,89667636,12792114
42,A27,B9,V,525,229,113481130,4205529
42,A30,B10,H,610,493,195898486,6607979
42,A12,B11,H,540,266,200328898,9466187
42,A6,B12,H,645,218,209875953,15945245
42,A5,B13,V,235,130,266324738,2988200
42,A31,B14,V,64,277,211910330,5620336
42,A26,B15,V,821,628,182536378,14289493
42,A9,B16,V,592,348,27860565,9071051
42,A20,B17,V,213,253,79257387,14432340
42,A15,B18,H,267,633,129062098,6632464
42,A28,B19,H,105,17,103782826,5813032
42,A32,B20,V,636,689,161543277,7165152
42,A17,B21,V,104,110,60293835,7656953
42,A23,B22,V,164,314,75172609,1419948
42,A4,B23,V,624,661,250912237,8650725
42,A2,B24,V,841,394,13654701,5714635
42,A10,B25,V,417,121,48115172,15656794
42,A18,B26,H,339,716,56589201,15313300
42,A11,B27,V,802,704,1967449,563747
42,A22,B28,H,71,930,227926139,15652863
42,A1,B29,H,439,737,234385822,7951939
42,A14,B30,H,309,462,109578525,2158729
42,A29,B31,V,959,111,212281597,8540880
42,A16,B32,V,879,770,175644660,8557455
2026,A12,B1,V,973,404,188746051,9059303
2026,A14,B2,V,4,7,5199124,15126040
2026,A23,B3,V,699,226,186685898,11633855
2026,A7,B4,H,332,59,84400098,4652476
2026,A27,B5,V,56,66,96233434,9916575
2026,A22,B6,H,245,142,150202451,15260958
2026,A3,B7,H,990,931,56359550,12450299
2026,A31,B8,V,654,523,224969557,5127635
2026,A6,B9,H,796,359,153761910,4483721
2026,A16,B10,V,957,199,194800606,4105591
2026,A4,B11,H,773,974,158481731,8771908
2026,A11,B12,H,155,176,117793002,14922016
2026,A32,B13,H,323,340,143444260,12328108
2026,A10,B14,H,665,94,226639454,15339380
2026,A13,B15,H,478,453,184435078,9564946
2026,A26,B16,V,162,863,229720942,4230399
2026,A29,B17,H,421,968,71457038,1665537
2026,A24,B18,H,49,382,122787315,7961569
2026,A30,B19,H,245,307,206601838,3698522
2026,A9,B20,V,69,744,30120050,16274212
2026,A18,B21,H,40,835,49812946,16471291
2026,A8,B22,H,378,69,28361564,16056145
2026,A2,B23,V,157,809,224893716,11299867
2026,A15,B24,V,335,720,195796314,13478610
2026,A5,B25,H,626,941,41254785,9637228
2026,A1,B26,H,965,687,152858341,12104589
2026,A28,B27,H,49,996,211135406,14278331
2026,A25,B28,V,813,943,72532299,14708306
2026,A20,B29,V,160,523,209112790,1093225
2026,A17,B30,H,541,180,52966811,9535734
2026,A19,B31,V,476,243,195362942,4086658
2026,A21,B32,H,492,473,86883189,15480836
1311768467463790320,A15,B1,V,73,307,150057203,14116795
1311768467463790320,A18,B2,H,200,81,245980333,9367294
1311768467463790320,A13,B3,H,671,551,723875,12880990
1311768467463790320,A6,B4,V,894,991,41268907,16573970
1311768467463790320,A8,B5,H,462,480,133940563,945392
1311768467463790320,A29,B6,H,275,658,169525684,1836185
1311768467463790320,A4,B7,V,869,887,125662076,14393164
1311768467463790320,A27,B8,V,11,730,55681214,7062574
1311768467463790320,A26,B9,H,930,360,51237842,16463755
1311768467463790320,A28,B10,V,450,74,213116089,16352303
1311768467463790320,A14,B11,V,406,620,160010284,12757434
1311768467463790320,A11,B12,V,666,391,258411482,3970534
1311768467463790320,A19,B13,V,181,339,42932765,5789115
1311768467463790320,A10,B14,V,540,94,203347564,10000547
1311768467463790320,A5,B15,V,958,904,128324950,2418500
1311768467463790320,A25,B16,H,669,544,249942921,15462834
1311768467463790320,A32,B17,V,87,19,217629278,6426807
1311768467463790320,A1,B18,V,505,552,30645645,1900092
1311768467463790320,A22,B19,V,910,738,124660765,4064423
1311768467463790320,A31,B20,H,143,951,163603018,7986696
1311768467463790320,A24,B21,H,12,810,159289793,15382712
1311768467463790320,A17,B22,V,434,400,85450678,5958320
1311768467463790320,A20,B23,H,735,951,241052246,7132182
1311768467463790320,A9,B24,H,588,82,137227638,14477902
1311768467463790320,A12,B25,V,469,951,261327986,14018522
1311768467463790320,A3,B26,V,556,336,45527345,15920075
1311768467463790320,A16,B27,V,262,759,152631473,6440295
1311768467463790320,A30,B28,H,406,924,109727589,11906925
1311768467463790320,A7,B29,V,474,696,117675428,14413787
1311768467463790320,A21,B30,V,286,214,2615803,3394935
1311768467463790320,A2,B31,H,414,37,98210738,6283861
1311768467463790320,A23,B32,H,866,623,37090109,6277479
