pieces,run,worker_ms,handoff_ms,upload_prep_ms,state_bytes
1000,0,0.0182,0.0010,0.0589,16000
1000,1,0.0108,0.0006,0.0197,16000
1000,2,0.0118,0.0005,0.0606,16000
1000,3,0.0078,0.0006,0.0343,16000
1000,4,0.0051,0.0004,0.0261,16000
10000,0,0.0685,0.0004,0.0322,160000
10000,1,0.0558,0.0004,0.0155,160000
10000,2,0.0529,0.0004,0.0206,160000
10000,3,0.0595,0.0004,0.0290,160000
10000,4,0.0569,0.0003,0.0295,160000
100000,0,0.5335,0.0006,0.0361,1600000
100000,1,0.7297,0.0011,0.0573,1600000
100000,2,0.5650,0.0007,0.0417,1600000
100000,3,0.5913,0.0005,0.0364,1600000
100000,4,0.5268,0.0005,0.0326,1600000
1000000,0,5.6504,0.0024,0.0796,16000000
1000000,1,7.2609,0.0030,0.0810,16000000
1000000,2,6.5509,0.0022,0.0796,16000000
1000000,3,6.4783,0.0027,0.1150,16000000
1000000,4,5.4003,0.0020,0.1114,16000000
