axis,class,count
style,0,16685
style,1,16687
style,2,16637
style,3,16348
style,4,16820
style,5,16823
center,0,14615
center,1,14449
center,2,13974
center,3,14321
center,4,14077
center,5,14400
center,6,14164
width,0,25121
width,1,25168
width,2,24942
width,3,24769
depth,0,25034
depth,1,25276
depth,2,24848
depth,3,24842
neck,0,25028
neck,1,25092
neck,2,24981
neck,3,24899
head,0,24928
head,1,24807
head,2,24945
head,3,25320
skew,0,14429
skew,1,14445
skew,2,14111
skew,3,14426
skew,4,13970
skew,5,14493
skew,6,14126
