version,edge,nearest_edge,hamming,normalized_hamming,iou
4,0,209,5,0.002441,0.988263
4,1,907,12,0.005859,0.967828
4,2,185,7,0.003418,0.983254
4,3,767,13,0.006348,0.968900
4,4,891,7,0.003418,0.981959
4,5,904,5,0.002441,0.982639
4,6,567,10,0.004883,0.972299
4,7,207,6,0.002930,0.979798
4,8,612,7,0.003418,0.980663
4,9,709,10,0.004883,0.966887
4,10,328,10,0.004883,0.974619
4,11,110,6,0.002930,0.985258
4,12,680,11,0.005371,0.971279
4,13,122,8,0.003906,0.977401
4,14,447,6,0.002930,0.982609
4,15,491,6,0.002930,0.984293
4,16,66,1,0.000488,0.996970
4,17,420,10,0.004883,0.975787
4,18,515,11,0.005371,0.961938
4,19,124,11,0.005371,0.972362
4,20,135,8,0.003906,0.979747
4,21,749,5,0.002441,0.986150
4,22,719,1,0.000488,0.996416
4,23,790,6,0.002930,0.982857
4,24,1014,6,0.002930,0.985401
4,25,116,6,0.002930,0.977941
4,26,158,6,0.002930,0.978022
4,27,50,7,0.003418,0.979769
4,28,98,9,0.004395,0.970492
4,29,570,10,0.004883,0.972067
4,30,632,6,0.002930,0.984536
4,31,263,4,0.001953,0.989529
4,32,480,9,0.004395,0.977157
4,33,378,5,0.002441,0.982759
4,34,937,6,0.002930,0.979381
4,35,264,8,0.003906,0.979950
4,36,723,10,0.004883,0.974811
4,37,1016,4,0.001953,0.990521
4,38,250,11,0.005371,0.972906
4,39,869,7,0.003418,0.983133
4,40,488,4,0.001953,0.990268
4,41,269,4,0.001953,0.990123
4,42,743,2,0.000977,0.993127
4,43,419,8,0.003906,0.972881
4,44,224,7,0.003418,0.975862
4,45,158,6,0.002930,0.978261
4,46,979,9,0.004395,0.978208
4,47,535,16,0.007812,0.961259
4,48,318,10,0.004883,0.976247
4,49,77,8,0.003906,0.970588
4,50,27,7,0.003418,0.979769
4,51,160,4,0.001953,0.989822
4,52,485,2,0.000977,0.992933
4,53,55,14,0.006836,0.965000
4,54,466,13,0.006348,0.966581
4,55,163,12,0.005859,0.969543
4,56,99,11,0.005371,0.963087
4,57,854,5,0.002441,0.987531
4,58,110,5,0.002441,0.987745
4,59,707,3,0.001465,0.992840
4,60,429,14,0.006836,0.961433
4,61,667,5,0.002441,0.985876
4,62,246,10,0.004883,0.964286
4,63,68,10,0.004883,0.964789
4,64,445,7,0.003418,0.982843
4,65,751,8,0.003906,0.976945
4,66,16,1,0.000488,0.996970
4,67,465,5,0.002441,0.982517
4,68,44,9,0.004395,0.968421
4,69,966,2,0.000977,0.994253
4,70,414,15,0.007324,0.961929
4,71,506,3,0.001465,0.989437
4,72,385,5,0.002441,0.982759
4,73,904,5,0.002441,0.982759
4,74,951,9,0.004395,0.977444
4,75,486,3,0.001465,0.991525
4,76,363,3,0.001465,0.989170
4,77,870,4,0.001953,0.985019
4,78,984,7,0.003418,0.981959
4,79,249,4,0.001953,0.990074
4,80,429,8,0.003906,0.977273
4,81,562,8,0.003906,0.974026
4,82,755,6,0.002930,0.984925
4,83,268,4,0.001953,0.988406
4,84,294,9,0.004395,0.977667
4,85,970,9,0.004395,0.970588
4,86,984,8,0.003906,0.979592
4,87,241,5,0.002441,0.987562
4,88,238,13,0.006348,0.953737
4,89,811,3,0.001465,0.991736
4,90,583,4,0.001953,0.990268
4,91,372,7,0.003418,0.974545
4,92,674,3,0.001465,0.989091
4,93,305,6,0.002930,0.985294
4,94,170,7,0.003418,0.979885
4,95,901,4,0.001953,0.990050
4,96,528,7,0.003418,0.982544
4,97,201,6,0.002930,0.979094
4,98,28,9,0.004395,0.970492
4,99,383,8,0.003906,0.972603
4,100,295,14,0.006836,0.965087
4,101,143,12,0.005859,0.971292
4,102,114,7,0.003418,0.982368
4,103,330,12,0.005859,0.970660
4,104,492,5,0.002441,0.985836
4,105,426,4,0.001953,0.986014
4,106,906,9,0.004395,0.976923
4,107,830,5,0.002441,0.987080
4,108,750,8,0.003906,0.970909
4,109,1003,7,0.003418,0.982587
4,110,58,5,0.002441,0.987745
4,111,270,5,0.002441,0.985507
4,112,911,13,0.006348,0.968825
4,113,194,4,0.001953,0.985348
4,114,647,4,0.001953,0.989975
4,115,680,9,0.004395,0.976623
4,116,25,6,0.002930,0.977941
4,117,988,8,0.003906,0.980392
4,118,606,15,0.007324,0.964029
4,119,311,8,0.003906,0.976812
4,120,526,11,0.005371,0.972081
4,121,808,6,0.002930,0.985294
4,122,13,8,0.003906,0.977401
4,123,251,6,0.002930,0.984810
4,124,19,11,0.005371,0.972362
4,125,396,6,0.002930,0.978261
4,126,894,9,0.004395,0.968966
4,127,626,5,0.002441,0.983389
4,128,915,3,0.001465,0.989437
4,129,224,6,0.002930,0.979452
4,130,861,5,0.002441,0.987593
4,131,13,11,0.005371,0.969014
4,132,686,2,0.000977,0.994318
4,133,580,9,0.004395,0.968421
4,134,935,7,0.003418,0.982968
4,135,20,8,0.003906,0.979747
4,136,905,2,0.000977,0.994350
4,137,333,11,0.005371,0.972081
4,138,269,6,0.002930,0.985258
4,139,359,6,0.002930,0.983099
4,140,962,7,0.003418,0.980926
4,141,348,7,0.003418,0.974545
4,142,157,6,0.002930,0.982857
4,143,281,9,0.004395,0.978673
4,144,447,3,0.001465,0.991329
4,145,950,5,0.002441,0.985994
4,146,262,8,0.003906,0.980198
4,147,363,7,0.003418,0.975000
4,148,932,6,0.002930,0.985366
4,149,927,3,0.001465,0.989761
4,150,477,9,0.004395,0.978261
4,151,996,5,0.002441,0.986945
4,152,33,9,0.004395,0.969283
4,153,775,14,0.006836,0.950877
4,154,783,8,0.003906,0.980296
4,155,240,3,0.001465,0.989247
4,156,358,6,0.002930,0.979167
4,157,142,6,0.002930,0.982857
4,158,338,4,0.001953,0.985455
4,159,686,10,0.004883,0.972299
4,160,609,3,0.001465,0.992327
4,161,1017,4,0.001953,0.986159
4,162,875,1,0.000488,0.997442
4,163,55,12,0.005859,0.969543
4,164,952,8,0.003906,0.976608
4,165,472,13,0.006348,0.963068
4,166,110,11,0.005371,0.973558
4,167,897,15,0.007324,0.958217
4,168,64,13,0.006348,0.967980
4,169,410,6,0.002930,0.984496
4,170,94,7,0.003418,0.979885
4,171,963,6,0.002930,0.980392
4,172,217,8,0.003906,0.977143
4,173,428,7,0.003418,0.982323
4,174,812,13,0.006348,0.969555
4,175,417,12,0.005859,0.971223
4,176,720,9,0.004395,0.977723
4,177,626,8,0.003906,0.973510
4,178,657,9,0.004395,0.977833
4,179,734,5,0.002441,0.987500
4,180,530,5,0.002441,0.983051
4,181,374,2,0.000977,0.992780
4,182,178,11,0.005371,0.972431
4,183,1002,8,0.003906,0.977011
4,184,404,7,0.003418,0.982456
4,185,2,7,0.003418,0.983254
4,186,387,7,0.003418,0.976821
4,187,882,6,0.002930,0.982301
4,188,590,11,0.005371,0.973558
4,189,764,4,0.001953,0.988270
4,190,666,8,0.003906,0.971119
4,191,807,7,0.003418,0.979472
4,192,625,11,0.005371,0.967456
4,193,451,4,0.001953,0.988372
4,194,113,4,0.001953,0.985348
4,195,556,7,0.003418,0.980392
4,196,731,9,0.004395,0.977723
4,197,50,8,0.003906,0.976471
4,198,992,11,0.005371,0.964516
4,199,927,5,0.002441,0.982993
4,200,391,16,0.007812,0.959079
4,201,97,6,0.002930,0.979094
4,202,779,9,0.004395,0.977612
4,203,884,4,0.001953,0.988571
4,204,301,10,0.004883,0.974490
4,205,901,4,0.001953,0.990050
4,206,280,10,0.004883,0.974026
4,207,7,6,0.002930,0.979798
4,208,808,4,0.001953,0.990148
4,209,0,5,0.002441,0.988263
4,210,993,12,0.005859,0.970516
4,211,619,7,0.003418,0.981912
4,212,537,6,0.002930,0.978648
4,213,181,4,0.001953,0.985507
4,214,344,1,0.000488,0.996403
4,215,607,10,0.004883,0.974747
4,216,831,9,0.004395,0.976623
4,217,349,6,0.002930,0.982609
4,218,623,5,0.002441,0.987437
4,219,986,3,0.001465,0.989899
4,220,435,10,0.004883,0.966443
4,221,323,7,0.003418,0.982927
4,222,371,5,0.002441,0.982456
4,223,978,3,0.001465,0.991501
4,224,789,3,0.001465,0.989691
4,225,941,2,0.000977,0.993031
4,226,459,14,0.006836,0.964646
4,227,506,7,0.003418,0.975779
4,228,614,12,0.005859,0.970803
4,229,498,8,0.003906,0.971530
4,230,883,7,0.003418,0.979290
4,231,548,9,0.004395,0.977612
4,232,400,8,0.003906,0.977528
4,233,891,5,0.002441,0.987080
4,234,795,7,0.003418,0.980556
4,235,410,3,0.001465,0.992268
4,236,386,10,0.004883,0.971510
4,237,416,4,0.001953,0.985714
4,238,363,8,0.003906,0.971530
4,239,531,11,0.005371,0.971939
4,240,155,3,0.001465,0.989247
4,241,87,5,0.002441,0.987562
4,242,977,9,0.004395,0.977995
4,243,407,10,0.004883,0.975669
4,244,782,8,0.003906,0.980440
4,245,266,8,0.003906,0.980630
4,246,62,10,0.004883,0.964286
4,247,121,10,0.004883,0.975728
4,248,184,9,0.004395,0.977387
4,249,79,4,0.001953,0.990074
4,250,1018,8,0.003906,0.979950
4,251,938,2,0.000977,0.994924
4,252,516,9,0.004395,0.977387
4,253,442,10,0.004883,0.975490
4,254,930,5,0.002441,0.982079
4,255,886,13,0.006348,0.968447
4,256,953,2,0.000977,0.992857
4,257,465,5,0.002441,0.982578
4,258,481,4,0.001953,0.986441
4,259,652,4,0.001953,0.989744
4,260,1004,10,0.004883,0.975430
4,261,42,9,0.004395,0.969697
4,262,802,7,0.003418,0.982500
4,263,31,4,0.001953,0.989529
4,264,35,8,0.003906,0.979950
4,265,549,5,0.002441,0.986376
4,266,245,8,0.003906,0.980630
4,267,997,8,0.003906,0.971831
4,268,83,4,0.001953,0.988406
4,269,41,4,0.001953,0.990123
4,270,111,5,0.002441,0.985507
4,271,367,11,0.005371,0.961131
4,272,908,3,0.001465,0.989865
4,273,524,7,0.003418,0.981959
4,274,718,2,0.000977,0.992832
4,275,105,8,0.003906,0.972603
4,276,684,11,0.005371,0.971503
4,277,589,4,0.001953,0.989899
4,278,880,5,0.002441,0.987624
4,279,266,8,0.003906,0.980723
4,280,509,5,0.002441,0.987080
4,281,143,9,0.004395,0.978673
4,282,695,6,0.002930,0.985680
4,283,903,7,0.003418,0.982587
4,284,247,10,0.004883,0.975430
4,285,505,4,0.001953,0.985965
4,286,855,4,0.001953,0.986254
4,287,488,5,0.002441,0.987981
4,288,820,8,0.003906,0.972125
4,289,172,10,0.004883,0.971910
4,290,439,10,0.004883,0.971510
4,291,37,6,0.002930,0.985816
4,292,468,5,0.002441,0.986034
4,293,223,5,0.002441,0.986034
4,294,84,9,0.004395,0.977667
4,295,100,14,0.006836,0.965087
4,296,503,5,0.002441,0.982517
4,297,874,14,0.006836,0.966184
4,298,20,12,0.005859,0.970223
4,299,404,5,0.002441,0.987500
4,300,75,7,0.003418,0.980392
4,301,204,10,0.004883,0.974490
4,302,319,13,0.006348,0.966752
4,303,77,6,0.002930,0.977695
4,304,40,9,0.004395,0.977941
4,305,93,6,0.002930,0.985294
4,306,400,5,0.002441,0.985714
4,307,960,2,0.000977,0.995000
4,308,67,6,0.002930,0.978873
4,309,534,5,0.002441,0.985507
4,310,453,5,0.002441,0.987406
4,311,752,3,0.001465,0.991254
4,312,791,7,0.003418,0.980282
4,313,824,7,0.003418,0.982234
4,314,642,4,0.001953,0.989924
4,315,605,7,0.003418,0.982234
4,316,35,10,0.004883,0.974811
4,317,539,6,0.002930,0.985075
4,318,48,10,0.004883,0.976247
4,319,965,4,0.001953,0.989717
4,320,554,9,0.004395,0.975069
4,321,780,6,0.002930,0.978648
4,322,863,22,0.010742,0.944162
4,323,307,5,0.002441,0.987624
4,324,1005,14,0.006836,0.966019
4,325,763,2,0.000977,0.994429
4,326,671,8,0.003906,0.980344
4,327,25,11,0.005371,0.960289
4,328,581,7,0.003418,0.982412
4,329,803,6,0.002930,0.985075
4,330,130,8,0.003906,0.980149
4,331,412,9,0.004395,0.967742
4,332,768,6,0.002930,0.979381
4,333,414,10,0.004883,0.974490
4,334,117,13,0.006348,0.968137
4,335,569,6,0.002930,0.985112
4,336,742,7,0.003418,0.976351
4,337,372,10,0.004883,0.964158
4,338,158,4,0.001953,0.985455
4,339,540,3,0.001465,0.989399
4,340,179,9,0.004395,0.977723
4,341,28,11,0.005371,0.963455
4,342,524,1,0.000488,0.997403
4,343,532,4,0.001953,0.989664
4,344,592,0,0.000000,1.000000
4,345,1001,11,0.005371,0.971503
4,346,309,7,0.003418,0.979827
4,347,737,7,0.003418,0.980501
4,348,666,6,0.002930,0.978339
4,349,217,6,0.002930,0.982609
4,350,667,10,0.004883,0.971910
4,351,840,10,0.004883,0.974619
4,352,965,11,0.005371,0.971649
4,353,23,11,0.005371,0.968571
4,354,399,6,0.002930,0.979798
4,355,495,6,0.002930,0.984694
4,356,942,7,0.003418,0.982716
4,357,834,9,0.004395,0.977833
4,358,997,4,0.001953,0.986063
4,359,139,6,0.002930,0.983099
4,360,342,9,0.004395,0.976623
4,361,524,9,0.004395,0.977157
4,362,608,12,0.005859,0.970588
4,363,76,3,0.001465,0.989170
4,364,598,5,0.002441,0.982517
4,365,514,8,0.003906,0.978082
4,366,74,10,0.004883,0.975186
4,367,408,4,0.001953,0.985915
4,368,435,8,0.003906,0.972881
4,369,385,10,0.004883,0.965398
4,370,654,3,0.001465,0.992248
4,371,222,5,0.002441,0.982456
4,372,91,7,0.003418,0.974545
4,373,938,4,0.001953,0.989950
4,374,181,2,0.000977,0.992780
4,375,325,5,0.002441,0.986034
4,376,465,3,0.001465,0.989619
4,377,76,5,0.002441,0.981949
4,378,33,5,0.002441,0.982759
4,379,79,10,0.004883,0.975124
4,380,461,7,0.003418,0.982587
4,381,264,8,0.003906,0.980000
4,382,474,12,0.005859,0.971292
4,383,872,5,0.002441,0.982699
4,384,976,7,0.003418,0.976744
4,385,72,5,0.002441,0.982759
4,386,14,10,0.004883,0.971347
4,387,186,7,0.003418,0.976821
4,388,930,5,0.002441,0.981949
4,389,575,11,0.005371,0.973171
4,390,636,9,0.004395,0.978261
4,391,200,16,0.007812,0.959079
4,392,287,9,0.004395,0.978673
4,393,403,9,0.004395,0.977833
4,394,42,4,0.001953,0.986207
4,395,481,5,0.002441,0.982877
4,396,125,6,0.002930,0.978261
4,397,385,9,0.004395,0.968641
4,398,1011,1,0.000488,0.996416
4,399,661,5,0.002441,0.983051
4,400,306,5,0.002441,0.985714
4,401,302,14,0.006836,0.964467
4,402,605,11,0.005371,0.972152
4,403,808,7,0.003418,0.982759
4,404,299,5,0.002441,0.987500
4,405,770,12,0.005859,0.971631
4,406,721,5,0.002441,0.981550
4,407,266,9,0.004395,0.978261
4,408,367,4,0.001953,0.985915
4,409,576,5,0.002441,0.981884
4,410,235,3,0.001465,0.992268
4,411,694,4,0.001953,0.985915
4,412,257,7,0.003418,0.975265
4,413,450,4,0.001953,0.985612
4,414,333,10,0.004883,0.974490
4,415,605,10,0.004883,0.975000
4,416,895,2,0.000977,0.992857
4,417,134,9,0.004395,0.978261
4,418,712,12,0.005859,0.971631
4,419,601,7,0.003418,0.975779
4,420,583,3,0.001465,0.992718
4,421,83,8,0.003906,0.977208
4,422,609,9,0.004395,0.977041
4,423,648,8,0.003906,0.973941
4,424,805,3,0.001465,0.989324
4,425,99,9,0.004395,0.968966
4,426,105,4,0.001953,0.986014
4,427,781,8,0.003906,0.971731
4,428,173,7,0.003418,0.982323
4,429,80,8,0.003906,0.977273
4,430,416,5,0.002441,0.982143
4,431,689,8,0.003906,0.980000
4,432,726,9,0.004395,0.967153
4,433,522,8,0.003906,0.980440
4,434,647,14,0.006836,0.965432
4,435,368,8,0.003906,0.972881
4,436,268,11,0.005371,0.967930
4,437,560,13,0.006348,0.967980
4,438,816,7,0.003418,0.982587
4,439,157,10,0.004883,0.971591
4,440,341,11,0.005371,0.963087
4,441,792,9,0.004395,0.968421
4,442,802,7,0.003418,0.982544
4,443,307,4,0.001953,0.989975
4,444,373,10,0.004883,0.975430
4,445,64,7,0.003418,0.982843
4,446,199,11,0.005371,0.963087
4,447,144,3,0.001465,0.991329
4,448,374,6,0.002930,0.978417
4,449,56,12,0.005859,0.959322
4,450,274,4,0.001953,0.985663
4,451,193,4,0.001953,0.988372
4,452,616,9,0.004395,0.977887
4,453,310,5,0.002441,0.987406
4,454,702,6,0.002930,0.984334
4,455,949,7,0.003418,0.982843
4,456,837,11,0.005371,0.972292
4,457,567,6,0.002930,0.983099
4,458,727,20,0.009766,0.950617
4,459,568,5,0.002441,0.987310
4,460,472,4,0.001953,0.988669
4,461,380,7,0.003418,0.982587
4,462,934,7,0.003418,0.982143
4,463,79,6,0.002930,0.985112
4,464,114,5,0.002441,0.987374
4,465,376,3,0.001465,0.989619
4,466,31,10,0.004883,0.974293
4,467,730,4,0.001953,0.990148
4,468,292,5,0.002441,0.986034
4,469,496,10,0.004883,0.974937
4,470,258,10,0.004883,0.966887
4,471,115,10,0.004883,0.974227
4,472,460,4,0.001953,0.988669
4,473,279,10,0.004883,0.975962
4,474,382,12,0.005859,0.971292
4,475,278,21,0.010254,0.949153
4,476,839,9,0.004395,0.977330
4,477,575,7,0.003418,0.982843
4,478,173,12,0.005859,0.970370
4,479,29,12,0.005859,0.966006
4,480,840,7,0.003418,0.982188
4,481,603,3,0.001465,0.989796
4,482,929,2,0.000977,0.994819
4,483,409,7,0.003418,0.974910
4,484,363,6,0.002930,0.978648
4,485,52,2,0.000977,0.992933
4,486,75,3,0.001465,0.991525
4,487,907,5,0.002441,0.986301
4,488,40,4,0.001953,0.990268
4,489,20,9,0.004395,0.977157
4,490,752,8,0.003906,0.977011
4,491,15,6,0.002930,0.984293
4,492,697,4,0.001953,0.988604
4,493,110,9,0.004395,0.977778
4,494,65,10,0.004883,0.970930
4,495,355,6,0.002930,0.984694
4,496,469,10,0.004883,0.974937
4,497,722,8,0.003906,0.980488
4,498,5,6,0.002930,0.978947
4,499,537,3,0.001465,0.989362
4,500,706,4,0.001953,0.989691
4,501,565,5,0.002441,0.982993
4,502,232,8,0.003906,0.977778
4,503,296,5,0.002441,0.982517
4,504,316,13,0.006348,0.966921
4,505,285,4,0.001953,0.985965
4,506,71,3,0.001465,0.989437
4,507,965,7,0.003418,0.982143
4,508,121,8,0.003906,0.980630
4,509,280,5,0.002441,0.987080
4,510,838,5,0.002441,0.987277
4,511,806,8,0.003906,0.972789
4,512,869,9,0.004395,0.978365
4,513,829,6,0.002930,0.984416
4,514,365,8,0.003906,0.978082
4,515,725,4,0.001953,0.985965
4,516,252,9,0.004395,0.977387
4,517,792,11,0.005371,0.962329
4,518,366,11,0.005371,0.973039
4,519,1009,5,0.002441,0.987500
4,520,230,10,0.004883,0.970760
4,521,1011,2,0.000977,0.992857
4,522,433,8,0.003906,0.980440
4,523,731,8,0.003906,0.980296
4,524,342,1,0.000488,0.997403
4,525,550,9,0.004395,0.977778
4,526,833,4,0.001953,0.989717
4,527,567,6,0.002930,0.983287
4,528,96,7,0.003418,0.982544
4,529,92,6,0.002930,0.978182
4,530,769,2,0.000977,0.993174
4,531,233,10,0.004883,0.974227
4,532,343,4,0.001953,0.989664
4,533,927,5,0.002441,0.983221
4,534,309,5,0.002441,0.985507
4,535,999,10,0.004883,0.975669
4,536,369,12,0.005859,0.958333
4,537,718,1,0.000488,0.996429
4,538,318,11,0.005371,0.973558
4,539,317,6,0.002930,0.985075
4,540,52,2,0.000977,0.992933
4,541,842,6,0.002930,0.982143
4,542,113,4,0.001953,0.985455
4,543,331,9,0.004395,0.967391
4,544,720,8,0.003906,0.980149
4,545,599,7,0.003418,0.982500
4,546,935,6,0.002930,0.985222
4,547,930,5,0.002441,0.982206
4,548,623,3,0.001465,0.992481
4,549,811,4,0.001953,0.989071
4,550,525,9,0.004395,0.977778
4,551,620,12,0.005859,0.970874
4,552,589,6,0.002930,0.985000
4,553,954,7,0.003418,0.982278
4,554,487,7,0.003418,0.980609
4,555,668,9,0.004395,0.976864
4,556,195,7,0.003418,0.980392
4,557,719,1,0.000488,0.996429
4,558,354,14,0.006836,0.953947
4,559,445,9,0.004395,0.977941
4,560,949,7,0.003418,0.982673
4,561,649,4,0.001953,0.985965
4,562,81,8,0.003906,0.974026
4,563,95,8,0.003906,0.980392
4,564,916,7,0.003418,0.976109
4,565,848,4,0.001953,0.986395
4,566,693,4,0.001953,0.990025
4,567,486,5,0.002441,0.985915
4,568,459,5,0.002441,0.987310
4,569,335,6,0.002930,0.985112
4,570,292,5,0.002441,0.986072
4,571,832,11,0.005371,0.971795
4,572,759,10,0.004883,0.975787
4,573,140,14,0.006836,0.962766
4,574,694,6,0.002930,0.979021
4,575,477,7,0.003418,0.982843
4,576,409,5,0.002441,0.981884
4,577,26,8,0.003906,0.970480
4,578,85,12,0.005859,0.960912
4,579,141,7,0.003418,0.974359
4,580,133,9,0.004395,0.968421
4,581,328,7,0.003418,0.982412
4,582,908,7,0.003418,0.976351
4,583,420,3,0.001465,0.992718
4,584,605,13,0.006348,0.967581
4,585,848,2,0.000977,0.993243
4,586,831,13,0.006348,0.965879
4,587,825,11,0.005371,0.972906
4,588,748,8,0.003906,0.979747
4,589,277,4,0.001953,0.989899
4,590,782,7,0.003418,0.982968
4,591,227,10,0.004883,0.965517
4,592,344,0,0.000000,1.000000
4,593,938,7,0.003418,0.982412
4,594,897,6,0.002930,0.983333
4,595,782,9,0.004395,0.978208
4,596,251,11,0.005371,0.972292
4,597,870,3,0.001465,0.988722
4,598,364,5,0.002441,0.982517
4,599,545,7,0.003418,0.982500
4,600,669,6,0.002930,0.985646
4,601,756,5,0.002441,0.982639
4,602,645,7,0.003418,0.982630
4,603,769,2,0.000977,0.993197
4,604,101,15,0.007324,0.963768
4,605,315,7,0.003418,0.982234
4,606,777,10,0.004883,0.975490
4,607,215,10,0.004883,0.974747
4,608,362,12,0.005859,0.970588
4,609,160,3,0.001465,0.992327
4,610,569,12,0.005859,0.969925
4,611,974,8,0.003906,0.979058
4,612,8,7,0.003418,0.980663
4,613,222,10,0.004883,0.965278
4,614,777,9,0.004395,0.977887
4,615,557,4,0.001953,0.985765
4,616,452,9,0.004395,0.977887
4,617,856,6,0.002930,0.983003
4,618,973,3,0.001465,0.992228
4,619,211,7,0.003418,0.981912
4,620,551,12,0.005859,0.970874
4,621,200,16,0.007812,0.958974
4,622,821,7,0.003418,0.980769
4,623,548,3,0.001465,0.992481
4,624,913,4,0.001953,0.989717
4,625,843,8,0.003906,0.976471
4,626,127,5,0.002441,0.983389
4,627,549,6,0.002930,0.983607
4,628,830,8,0.003906,0.979540
4,629,247,16,0.007812,0.961071
4,630,829,3,0.001465,0.992188
4,631,698,5,0.002441,0.982394
4,632,30,6,0.002930,0.984536
4,633,759,9,0.004395,0.977887
4,634,395,7,0.003418,0.975945
4,635,25,9,0.004395,0.967153
4,636,390,9,0.004395,0.978261
4,637,970,14,0.006836,0.954545
4,638,775,12,0.005859,0.958042
4,639,16,9,0.004395,0.973214
4,640,206,12,0.005859,0.968831
4,641,993,10,0.004883,0.974937
4,642,314,4,0.001953,0.989924
4,643,799,5,0.002441,0.982578
4,644,348,9,0.004395,0.967153
4,645,602,7,0.003418,0.982630
4,646,413,5,0.002441,0.982079
4,647,114,4,0.001953,0.989975
4,648,423,8,0.003906,0.973941
4,649,561,4,0.001953,0.985965
4,650,766,11,0.005371,0.972973
4,651,220,15,0.007324,0.950495
4,652,829,3,0.001465,0.992248
4,653,20,9,0.004395,0.977099
4,654,370,3,0.001465,0.992248
4,655,27,7,0.003418,0.980000
4,656,187,8,0.003906,0.976608
4,657,782,8,0.003906,0.980535
4,658,700,12,0.005859,0.970732
4,659,225,8,0.003906,0.972603
4,660,606,12,0.005859,0.970297
4,661,399,5,0.002441,0.983051
4,662,922,17,0.008301,0.958937
4,663,514,8,0.003906,0.978022
4,664,969,4,0.001953,0.989873
4,665,390,16,0.007812,0.962085
4,666,348,6,0.002930,0.978339
4,667,61,5,0.002441,0.985876
4,668,555,9,0.004395,0.976864
4,669,600,6,0.002930,0.985646
4,670,411,5,0.002441,0.982456
4,671,326,8,0.003906,0.980344
4,672,13,8,0.003906,0.977143
4,673,784,9,0.004395,0.968198
4,674,92,3,0.001465,0.989091
4,675,273,9,0.004395,0.976982
4,676,34,9,0.004395,0.969799
4,677,857,6,0.002930,0.985748
4,678,810,6,0.002930,0.983146
4,679,850,10,0.004883,0.974747
4,680,115,9,0.004395,0.976623
4,681,533,7,0.003418,0.976898
4,682,224,5,0.002441,0.982935
4,683,995,11,0.005371,0.973747
4,684,276,11,0.005371,0.971503
4,685,439,10,0.004883,0.971989
4,686,132,2,0.000977,0.994318
4,687,380,8,0.003906,0.980149
4,688,836,3,0.001465,0.989510
4,689,431,8,0.003906,0.980000
4,690,599,10,0.004883,0.975309
4,691,406,10,0.004883,0.962963
4,692,903,8,0.003906,0.980050
4,693,566,4,0.001953,0.990025
4,694,411,4,0.001953,0.985915
4,695,282,6,0.002930,0.985680
4,696,58,12,0.005859,0.971014
4,697,492,4,0.001953,0.988604
4,698,631,5,0.002441,0.982394
4,699,366,12,0.005859,0.970223
4,700,658,12,0.005859,0.970732
4,701,209,7,0.003418,0.983529
4,702,454,6,0.002930,0.984334
4,703,521,9,0.004395,0.968641
4,704,185,7,0.003418,0.983133
4,705,71,6,0.002930,0.978723
4,706,500,4,0.001953,0.989691
4,707,59,3,0.001465,0.992840
4,708,323,9,0.004395,0.978155
4,709,99,8,0.003906,0.972881
4,710,828,9,0.004395,0.978365
4,711,611,11,0.005371,0.971204
4,712,418,12,0.005859,0.971631
4,713,642,4,0.001953,0.989899
4,714,176,10,0.004883,0.974811
4,715,632,8,0.003906,0.979381
4,716,574,7,0.003418,0.975779
4,717,585,9,0.004395,0.970297
4,718,537,1,0.000488,0.996429
4,719,22,1,0.000488,0.996416
4,720,544,8,0.003906,0.980149
4,721,406,5,0.002441,0.981550
4,722,335,8,0.003906,0.980344
4,723,36,10,0.004883,0.974811
4,724,694,8,0.003906,0.971731
4,725,515,4,0.001953,0.985965
4,726,813,7,0.003418,0.974545
4,727,276,13,0.006348,0.966581
4,728,687,11,0.005371,0.973236
4,729,986,6,0.002930,0.979866
4,730,467,4,0.001953,0.990148
4,731,523,8,0.003906,0.980296
4,732,971,11,0.005371,0.972705
4,733,805,6,0.002930,0.979021
4,734,839,3,0.001465,0.992424
4,735,132,7,0.003418,0.980114
4,736,686,9,0.004395,0.975069
4,737,136,7,0.003418,0.980501
4,738,902,5,0.002441,0.986979
4,739,880,8,0.003906,0.980535
4,740,844,1,0.000488,0.996466
4,741,969,6,0.002930,0.984733
4,742,530,3,0.001465,0.989761
4,743,42,2,0.000977,0.993127
4,744,510,7,0.003418,0.982234
4,745,999,12,0.005859,0.970944
4,746,771,8,0.003906,0.980000
4,747,278,7,0.003418,0.982544
4,748,588,8,0.003906,0.979747
4,749,21,5,0.002441,0.986150
4,750,760,3,0.001465,0.989209
4,751,65,8,0.003906,0.976945
4,752,311,3,0.001465,0.991254
4,753,839,8,0.003906,0.979695
4,754,108,14,0.006836,0.948905
4,755,82,6,0.002930,0.984925
4,756,601,5,0.002441,0.982639
4,757,143,9,0.004395,0.978365
4,758,209,9,0.004395,0.979167
4,759,633,9,0.004395,0.977887
4,760,750,3,0.001465,0.989209
4,761,841,4,0.001953,0.985185
4,762,284,10,0.004883,0.975248
4,763,325,2,0.000977,0.994429
4,764,189,4,0.001953,0.988270
4,765,656,9,0.004395,0.974063
4,766,546,7,0.003418,0.982673
4,767,878,10,0.004883,0.976019
4,768,1008,5,0.002441,0.982935
4,769,530,2,0.000977,0.993174
4,770,405,12,0.005859,0.971631
4,771,793,7,0.003418,0.982412
4,772,369,11,0.005371,0.961538
4,773,80,11,0.005371,0.969101
4,774,342,11,0.005371,0.971576
4,775,740,5,0.002441,0.982332
4,776,503,5,0.002441,0.982699
4,777,614,9,0.004395,0.977887
4,778,958,6,0.002930,0.984496
4,779,202,9,0.004395,0.977612
4,780,321,6,0.002930,0.978648
4,781,237,5,0.002441,0.982079
4,782,590,7,0.003418,0.982968
4,783,865,7,0.003418,0.982801
4,784,673,9,0.004395,0.968198
4,785,181,8,0.003906,0.971326
4,786,241,6,0.002930,0.985222
4,787,354,9,0.004395,0.970000
4,788,926,5,0.002441,0.987013
4,789,224,3,0.001465,0.989691
4,790,23,6,0.002930,0.982857
4,791,492,4,0.001953,0.988636
4,792,394,7,0.003418,0.975779
4,793,771,7,0.003418,0.982412
4,794,838,9,0.004395,0.977612
4,795,234,7,0.003418,0.980556
4,796,319,16,0.007812,0.959184
4,797,952,8,0.003906,0.976540
4,798,35,8,0.003906,0.979899
4,799,643,5,0.002441,0.982578
4,800,877,10,0.004883,0.975490
4,801,1020,3,0.001465,0.989655
4,802,262,7,0.003418,0.982500
4,803,329,6,0.002930,0.985075
4,804,622,12,0.005859,0.967480
4,805,424,3,0.001465,0.989324
4,806,511,8,0.003906,0.972789
4,807,191,7,0.003418,0.979472
4,808,208,4,0.001953,0.990148
4,809,1011,4,0.001953,0.985765
4,810,678,6,0.002930,0.983146
4,811,89,3,0.001465,0.991736
4,812,39,12,0.005859,0.971631
4,813,726,7,0.003418,0.974545
4,814,593,11,0.005371,0.972772
4,815,816,6,0.002930,0.985185
4,816,815,6,0.002930,0.985185
4,817,72,6,0.002930,0.979381
4,818,584,14,0.006836,0.965432
4,819,93,8,0.003906,0.980344
4,820,288,8,0.003906,0.972125
4,821,749,6,0.002930,0.983471
4,822,410,6,0.002930,0.984694
4,823,224,7,0.003418,0.976190
4,824,313,7,0.003418,0.982234
4,825,587,11,0.005371,0.972906
4,826,359,6,0.002930,0.983146
4,827,597,9,0.004395,0.967033
4,828,710,9,0.004395,0.978365
4,829,630,3,0.001465,0.992188
4,830,107,5,0.002441,0.987080
4,831,216,9,0.004395,0.976623
4,832,571,11,0.005371,0.971795
4,833,526,4,0.001953,0.989717
4,834,357,9,0.004395,0.977833
4,835,983,5,0.002441,0.987593
4,836,688,3,0.001465,0.989510
4,837,102,10,0.004883,0.974619
4,838,510,5,0.002441,0.987277
4,839,734,3,0.001465,0.992424
4,840,480,7,0.003418,0.982188
4,841,761,4,0.001953,0.985185
4,842,541,6,0.002930,0.982143
4,843,990,7,0.003418,0.979167
4,844,740,1,0.000488,0.996466
4,845,979,13,0.006348,0.968675
4,846,646,7,0.003418,0.975000
4,847,521,6,0.002930,0.978873
4,848,585,2,0.000977,0.993243
4,849,396,7,0.003418,0.974729
4,850,679,10,0.004883,0.974747
4,851,516,11,0.005371,0.972152
4,852,859,7,0.003418,0.982188
4,853,1022,9,0.004395,0.968310
4,854,57,5,0.002441,0.987531
4,855,286,4,0.001953,0.986254
4,856,617,6,0.002930,0.983003
4,857,677,6,0.002930,0.985748
4,858,143,10,0.004883,0.976303
4,859,852,7,0.003418,0.982188
4,860,184,10,0.004883,0.974874
4,861,130,5,0.002441,0.987593
4,862,759,10,0.004883,0.975787
4,863,414,14,0.006836,0.964557
4,864,57,8,0.003906,0.980296
4,865,783,7,0.003418,0.982801
4,866,939,10,0.004883,0.975000
4,867,871,8,0.003906,0.980149
4,868,980,13,0.006348,0.968137
4,869,39,7,0.003418,0.983133
4,870,597,3,0.001465,0.988722
4,871,867,8,0.003906,0.980149
4,872,383,5,0.002441,0.982699
4,873,790,7,0.003418,0.980000
4,874,176,10,0.004883,0.975248
4,875,162,1,0.000488,0.997442
4,876,664,12,0.005859,0.970443
4,877,800,10,0.004883,0.975490
4,878,881,2,0.000977,0.995169
4,879,409,9,0.004395,0.967391
4,880,278,5,0.002441,0.987624
4,881,878,2,0.000977,0.995169
4,882,187,6,0.002930,0.982301
4,883,230,7,0.003418,0.979290
4,884,203,4,0.001953,0.988571
4,885,443,12,0.005859,0.970516
4,886,135,8,0.003906,0.979950
4,887,382,14,0.006836,0.966981
4,888,940,6,0.002930,0.980198
4,889,455,10,0.004883,0.975430
4,890,55,17,0.008301,0.957071
4,891,233,5,0.002441,0.987080
4,892,185,9,0.004395,0.978571
4,893,303,9,0.004395,0.967153
4,894,719,2,0.000977,0.992883
4,895,416,2,0.000977,0.992857
4,896,528,9,0.004395,0.977387
4,897,594,6,0.002930,0.983333
4,898,71,8,0.003906,0.972125
4,899,721,6,0.002930,0.977860
4,900,408,9,0.004395,0.968641
4,901,95,4,0.001953,0.990050
4,902,618,4,0.001953,0.989610
4,903,283,7,0.003418,0.982587
4,904,5,5,0.002441,0.982639
4,905,136,2,0.000977,0.994350
4,906,526,7,0.003418,0.982005
4,907,487,5,0.002441,0.986301
4,908,272,3,0.001465,0.989865
4,909,460,5,0.002441,0.985836
4,910,1017,7,0.003418,0.975524
4,911,563,8,0.003906,0.980583
4,912,843,10,0.004883,0.970930
4,913,624,4,0.001953,0.989717
4,914,61,9,0.004395,0.975069
4,915,128,3,0.001465,0.989437
4,916,564,7,0.003418,0.976109
4,917,798,8,0.003906,0.979899
4,918,776,5,0.002441,0.982759
4,919,21,12,0.005859,0.966667
4,920,691,12,0.005859,0.955056
4,921,205,8,0.003906,0.980000
4,922,278,12,0.005859,0.970588
4,923,1010,2,0.000977,0.993056
4,924,495,10,0.004883,0.974619
4,925,918,11,0.005371,0.962712
4,926,788,5,0.002441,0.987013
4,927,149,3,0.001465,0.989761
4,928,443,6,0.002930,0.985000
4,929,482,2,0.000977,0.994819
4,930,240,5,0.002441,0.982143
4,931,287,6,0.002930,0.985680
4,932,148,6,0.002930,0.985366
4,933,182,11,0.005371,0.972222
4,934,462,7,0.003418,0.982143
4,935,546,6,0.002930,0.985222
4,936,790,10,0.004883,0.971989
4,937,34,6,0.002930,0.979381
4,938,251,2,0.000977,0.994924
4,939,866,10,0.004883,0.975000
4,940,888,6,0.002930,0.980198
4,941,225,2,0.000977,0.993031
4,942,548,3,0.001465,0.992537
4,943,599,12,0.005859,0.970223
4,944,397,9,0.004395,0.968085
4,945,121,10,0.004883,0.975430
4,946,503,11,0.005371,0.962329
4,947,365,9,0.004395,0.975000
4,948,459,11,0.005371,0.971722
4,949,455,7,0.003418,0.982843
4,950,145,5,0.002441,0.985994
4,951,624,7,0.003418,0.982143
4,952,164,8,0.003906,0.976608
4,953,256,2,0.000977,0.992857
4,954,553,7,0.003418,0.982278
4,955,146,11,0.005371,0.972637
4,956,684,11,0.005371,0.972010
4,957,607,12,0.005859,0.970075
4,958,778,6,0.002930,0.984496
4,959,436,16,0.007812,0.953216
4,960,307,2,0.000977,0.995000
4,961,445,11,0.005371,0.973105
4,962,140,7,0.003418,0.980926
4,963,171,6,0.002930,0.980392
4,964,27,7,0.003418,0.979943
4,965,319,4,0.001953,0.989717
4,966,69,2,0.000977,0.994253
4,967,642,7,0.003418,0.982278
4,968,122,8,0.003906,0.977654
4,969,664,4,0.001953,0.989873
4,970,85,9,0.004395,0.970588
4,971,783,9,0.004395,0.977778
4,972,314,11,0.005371,0.972500
4,973,618,3,0.001465,0.992228
4,974,611,8,0.003906,0.979058
4,975,290,10,0.004883,0.971098
4,976,384,7,0.003418,0.976744
4,977,148,6,0.002930,0.985294
4,978,223,3,0.001465,0.991501
4,979,46,9,0.004395,0.978208
4,980,999,8,0.003906,0.980344
4,981,57,6,0.002930,0.985222
4,982,1022,4,0.001953,0.985915
4,983,835,5,0.002441,0.987593
4,984,78,7,0.003418,0.981959
4,985,277,7,0.003418,0.982368
4,986,219,3,0.001465,0.989899
4,987,179,6,0.002930,0.985149
4,988,249,4,0.001953,0.990074
4,989,994,14,0.006836,0.964824
4,990,843,7,0.003418,0.979167
4,991,157,6,0.002930,0.982709
4,992,470,10,0.004883,0.967320
4,993,641,10,0.004883,0.974937
4,994,30,7,0.003418,0.982097
4,995,508,9,0.004395,0.978469
4,996,151,5,0.002441,0.986945
4,997,358,4,0.001953,0.986063
4,998,593,10,0.004883,0.975186
4,999,980,8,0.003906,0.980344
4,1000,295,14,0.006836,0.964646
4,1001,532,8,0.003906,0.979275
4,1002,183,8,0.003906,0.977011
4,1003,109,7,0.003418,0.982587
4,1004,20,9,0.004395,0.977500
4,1005,987,9,0.004395,0.977941
4,1006,812,13,0.006348,0.969555
4,1007,467,6,0.002930,0.985366
4,1008,180,5,0.002441,0.982993
4,1009,519,5,0.002441,0.987500
4,1010,923,2,0.000977,0.993056
4,1011,398,1,0.000488,0.996416
4,1012,30,7,0.003418,0.982234
4,1013,358,11,0.005371,0.962457
4,1014,24,6,0.002930,0.985401
4,1015,123,8,0.003906,0.979849
4,1016,37,4,0.001953,0.990521
4,1017,161,4,0.001953,0.986159
4,1018,250,8,0.003906,0.979950
4,1019,555,15,0.007324,0.961440
4,1020,801,3,0.001465,0.989655
4,1021,20,12,0.005859,0.969620
4,1022,485,3,0.001465,0.989362
4,1023,326,8,0.003906,0.980344
5,0,928,30,0.014648,0.939148
5,1,658,26,0.012695,0.941964
5,2,185,30,0.014648,0.938144
5,3,629,41,0.020020,0.915811
5,4,341,33,0.016113,0.905714
5,5,799,28,0.013672,0.909677
5,6,746,43,0.020996,0.898824
5,7,234,26,0.012695,0.918495
5,8,82,27,0.013184,0.927027
5,9,737,36,0.017578,0.911111
5,10,132,36,0.017578,0.880399
5,11,58,10,0.004883,0.968750
5,12,187,29,0.014160,0.887597
5,13,833,27,0.013184,0.925824
5,14,236,31,0.015137,0.912921
5,15,934,25,0.012207,0.924242
5,16,189,23,0.011230,0.926282
5,17,871,33,0.016113,0.904348
5,18,900,43,0.020996,0.876437
5,19,207,23,0.011230,0.940568
5,20,420,21,0.010254,0.946565
5,21,922,31,0.015137,0.936992
5,22,719,4,0.001953,0.982833
5,23,790,32,0.015625,0.920988
5,24,74,38,0.018555,0.915179
5,25,116,15,0.007324,0.940239
5,26,141,29,0.014160,0.876068
5,27,850,44,0.021484,0.875354
5,28,927,21,0.010254,0.932039
5,29,1020,16,0.007812,0.943262
5,30,31,22,0.010742,0.931250
5,31,459,14,0.006836,0.955975
5,32,630,30,0.014648,0.909091
5,33,964,22,0.010742,0.940541
5,34,513,41,0.020020,0.868590
5,35,490,42,0.020508,0.870370
5,36,269,81,0.039551,0.835031
5,37,814,25,0.012207,0.940048
5,38,467,34,0.016602,0.908108
5,39,812,32,0.015625,0.937008
5,40,84,27,0.013184,0.936768
5,41,162,29,0.014160,0.910217
5,42,439,11,0.005371,0.965517
5,43,916,41,0.020020,0.895674
5,44,192,26,0.012695,0.908772
5,45,579,27,0.013184,0.889796
5,46,838,39,0.019043,0.900256
5,47,604,45,0.021973,0.890777
5,48,995,64,0.031250,0.885510
5,49,77,26,0.012695,0.879630
5,50,369,13,0.006348,0.948413
5,51,786,28,0.013672,0.925532
5,52,374,28,0.013672,0.891473
5,53,163,54,0.026367,0.875862
5,54,448,27,0.013184,0.899254
5,55,884,28,0.013672,0.923497
5,56,383,33,0.016113,0.891447
5,57,530,19,0.009277,0.945087
5,58,11,10,0.004883,0.968750
5,59,120,24,0.011719,0.943925
5,60,600,40,0.019531,0.910112
5,61,2,42,0.020508,0.912134
5,62,303,33,0.016113,0.881720
5,63,254,32,0.015625,0.878788
5,64,491,29,0.014160,0.923280
5,65,836,18,0.008789,0.936842
5,66,16,28,0.013672,0.906667
5,67,465,40,0.019531,0.884393
5,68,413,29,0.014160,0.864486
5,69,220,20,0.009766,0.940476
5,70,103,41,0.020020,0.890667
5,71,459,27,0.013184,0.912052
5,72,882,27,0.013184,0.903571
5,73,14,33,0.016113,0.911051
5,74,24,38,0.018555,0.915179
5,75,341,30,0.014648,0.913043
5,76,363,7,0.003418,0.976974
5,77,49,26,0.012695,0.879630
5,78,360,22,0.010742,0.936963
5,79,903,29,0.014160,0.936264
5,80,89,18,0.008789,0.949296
5,81,325,21,0.010254,0.952915
5,82,755,26,0.012695,0.933504
5,83,421,13,0.006348,0.957237
5,84,40,27,0.013184,0.936768
5,85,622,40,0.019531,0.912854
5,86,652,30,0.014648,0.912023
5,87,241,26,0.012695,0.928375
5,88,238,46,0.022461,0.847682
5,89,501,10,0.004883,0.971831
5,90,297,25,0.012207,0.940618
5,91,271,43,0.020996,0.808036
5,92,674,15,0.007324,0.925743
5,93,861,52,0.025391,0.890295
5,94,170,23,0.011230,0.932353
5,95,843,37,0.018066,0.893064
5,96,786,26,0.012695,0.929730
5,97,882,19,0.009277,0.931655
5,98,433,28,0.013672,0.925134
5,99,709,11,0.005371,0.966258
5,100,708,44,0.021484,0.904762
5,101,728,61,0.029785,0.886617
5,102,464,24,0.011719,0.923077
5,103,977,23,0.011230,0.938338
5,104,940,27,0.013184,0.931298
5,105,482,27,0.013184,0.902527
5,106,545,39,0.019043,0.897906
5,107,491,35,0.017090,0.909091
5,108,754,51,0.024902,0.777293
5,109,1003,36,0.017578,0.923729
5,110,121,35,0.017090,0.912718
5,111,270,31,0.015137,0.913165
5,112,174,50,0.024414,0.910072
5,113,296,36,0.017578,0.838565
5,114,647,28,0.013672,0.926893
5,115,471,40,0.019531,0.868421
5,116,25,15,0.007324,0.940239
5,117,33,32,0.015625,0.918159
5,118,595,61,0.029785,0.870488
5,119,399,9,0.004395,0.968421
5,120,707,21,0.010254,0.949519
5,121,110,35,0.017090,0.912718
5,122,672,19,0.009277,0.936242
5,123,251,14,0.006836,0.955128
5,124,487,27,0.013184,0.931990
5,125,761,34,0.016602,0.864000
5,126,451,45,0.021973,0.877384
5,127,765,44,0.021484,0.888889
5,128,641,25,0.012207,0.932432
5,129,941,24,0.011719,0.924290
5,130,710,26,0.012695,0.932292
5,131,906,36,0.017578,0.901099
5,132,533,28,0.013672,0.911950
5,133,902,26,0.012695,0.919255
5,134,418,97,0.047363,0.833904
5,135,137,22,0.010742,0.929032
5,136,717,26,0.012695,0.934673
5,137,974,14,0.006836,0.951890
5,138,73,34,0.016602,0.913043
5,139,354,22,0.010742,0.932515
5,140,525,44,0.021484,0.898851
5,141,409,21,0.010254,0.914980
5,142,748,38,0.018555,0.909091
5,143,175,38,0.018555,0.930147
5,144,503,18,0.008789,0.937500
5,145,709,13,0.006348,0.960725
5,146,486,47,0.022949,0.889412
5,147,364,45,0.021973,0.863636
5,148,469,30,0.014648,0.929412
5,149,697,22,0.010742,0.926421
5,150,704,60,0.029297,0.889299
5,151,630,12,0.005859,0.963077
5,152,741,21,0.010254,0.932258
5,153,66,29,0.014160,0.897527
5,154,865,27,0.013184,0.918675
5,155,721,31,0.015137,0.872951
5,156,276,8,0.003906,0.971223
5,157,688,13,0.006348,0.953571
5,158,644,27,0.013184,0.886555
5,159,736,15,0.007324,0.967105
5,160,231,14,0.006836,0.956250
5,161,345,21,0.010254,0.927083
5,162,41,29,0.014160,0.910217
5,163,456,32,0.015625,0.916010
5,164,661,24,0.011719,0.914286
5,165,509,33,0.016113,0.890728
5,166,648,33,0.016113,0.923434
5,167,651,23,0.011230,0.937500
5,168,356,21,0.010254,0.937126
5,169,618,34,0.016602,0.905292
5,170,94,23,0.011230,0.932353
5,171,963,7,0.003418,0.977707
5,172,349,29,0.014160,0.909091
5,173,379,17,0.008301,0.958025
5,174,112,50,0.024414,0.910072
5,175,143,38,0.018555,0.930147
5,176,833,29,0.014160,0.918310
5,177,1015,38,0.018555,0.872054
5,178,830,38,0.018555,0.909953
5,179,987,22,0.010742,0.947242
5,180,1010,32,0.015625,0.874510
5,181,540,36,0.017578,0.867647
5,182,933,27,0.013184,0.923729
5,183,486,40,0.019531,0.901720
5,184,341,24,0.011719,0.930435
5,185,2,30,0.014648,0.938144
5,186,75,36,0.017578,0.893491
5,187,197,28,0.013672,0.889328
5,188,681,37,0.018066,0.909314
5,189,16,23,0.011230,0.926282
5,190,116,20,0.009766,0.923372
5,191,610,38,0.018555,0.873754
5,192,631,25,0.012207,0.907063
5,193,451,16,0.007812,0.950920
5,194,406,12,0.005859,0.947826
5,195,252,34,0.016602,0.923767
5,196,731,32,0.015625,0.919799
5,197,187,28,0.013672,0.889328
5,198,476,39,0.019043,0.898172
5,199,697,16,0.007812,0.947368
5,200,356,19,0.009277,0.942249
5,201,882,21,0.010254,0.928814
5,202,860,51,0.024902,0.883562
5,203,434,46,0.022461,0.879896
5,204,236,30,0.014648,0.912791
5,205,901,42,0.020508,0.907692
5,206,232,27,0.013184,0.915361
5,207,19,23,0.011230,0.940568
5,208,995,58,0.028320,0.888676
5,209,928,27,0.013184,0.944672
5,210,507,36,0.017578,0.915094
5,211,619,29,0.014160,0.915452
5,212,92,21,0.010254,0.904110
5,213,158,46,0.022461,0.800000
5,214,895,22,0.010742,0.917910
5,215,28,34,0.016602,0.894410
5,216,831,33,0.016113,0.887755
5,217,438,20,0.009766,0.943820
5,218,210,66,0.032227,0.854945
5,219,596,44,0.021484,0.854785
5,220,69,20,0.009766,0.940476
5,221,497,26,0.012695,0.943107
5,222,371,17,0.008301,0.950147
5,223,47,49,0.023926,0.887097
5,224,498,28,0.013672,0.898551
5,225,659,16,0.007812,0.951952
5,226,756,39,0.019043,0.889518
5,227,343,46,0.022461,0.881443
5,228,782,5,0.002441,0.989980
5,229,498,24,0.011719,0.908397
5,230,601,29,0.014160,0.902027
5,231,160,14,0.006836,0.956250
5,232,206,27,0.013184,0.915361
5,233,491,34,0.016602,0.906336
5,234,889,13,0.006348,0.959627
5,235,410,2,0.000977,0.994236
5,236,204,30,0.014648,0.912791
5,237,416,33,0.016113,0.896875
5,238,246,26,0.012695,0.912458
5,239,531,15,0.007324,0.955224
5,240,915,19,0.009277,0.932624
5,241,87,26,0.012695,0.928375
5,242,461,23,0.011230,0.942786
5,243,701,53,0.025879,0.887234
5,244,888,30,0.014648,0.906832
5,245,587,39,0.019043,0.915767
5,246,849,23,0.011230,0.919580
5,247,121,45,0.021973,0.896074
5,248,860,40,0.019531,0.900744
5,249,117,45,0.021973,0.891304
5,250,393,53,0.025879,0.891393
5,251,123,14,0.006836,0.955128
5,252,195,34,0.016602,0.923767
5,253,362,24,0.011719,0.951120
5,254,63,32,0.015625,0.878788
5,255,583,78,0.038086,0.865285
5,256,792,11,0.005371,0.958175
5,257,308,33,0.016113,0.892857
5,258,366,28,0.013672,0.910543
5,259,722,34,0.016602,0.926724
5,260,859,21,0.010254,0.950588
5,261,791,34,0.016602,0.895062
5,262,307,31,0.015137,0.915761
5,263,30,30,0.014648,0.900990
5,264,980,32,0.015625,0.918987
5,265,375,42,0.020508,0.905405
5,266,473,47,0.022949,0.904472
5,267,997,19,0.009277,0.929889
5,268,733,34,0.016602,0.900585
5,269,993,49,0.023926,0.889140
5,270,189,28,0.013672,0.915916
5,271,367,41,0.020020,0.836653
5,272,908,23,0.011230,0.933908
5,273,675,25,0.012207,0.919872
5,274,450,35,0.017090,0.847162
5,275,640,16,0.007812,0.938462
5,276,156,8,0.003906,0.971223
5,277,574,17,0.008301,0.956962
5,278,821,22,0.010742,0.943590
5,279,928,52,0.025391,0.897638
5,280,4,34,0.016602,0.902857
5,281,858,52,0.025391,0.914474
5,282,695,39,0.019043,0.923077
5,283,437,40,0.019531,0.908676
5,284,881,38,0.018555,0.891117
5,285,1011,19,0.009277,0.929368
5,286,1020,21,0.010254,0.924188
5,287,60,53,0.025879,0.890269
5,288,490,40,0.019531,0.873817
5,289,253,46,0.022461,0.906883
5,290,517,25,0.012207,0.918567
5,291,148,44,0.021484,0.903084
5,292,373,22,0.010742,0.949425
5,293,223,50,0.024414,0.891775
5,294,234,36,0.017578,0.896254
5,295,477,46,0.022461,0.892523
5,296,113,36,0.017578,0.838565
5,297,90,25,0.012207,0.940618
5,298,690,30,0.014648,0.934211
5,299,595,65,0.031738,0.862288
5,300,539,26,0.012695,0.930667
5,301,128,30,0.014648,0.919571
5,302,427,26,0.012695,0.908127
5,303,62,33,0.016113,0.881720
5,304,692,31,0.015137,0.910663
5,305,819,33,0.016113,0.910811
5,306,513,22,0.010742,0.929032
5,307,960,10,0.004883,0.972678
5,308,257,33,0.016113,0.892857
5,309,534,27,0.013184,0.904930
5,310,856,14,0.006836,0.960784
5,311,752,29,0.014160,0.907937
5,312,492,40,0.019531,0.901720
5,313,195,45,0.021973,0.896552
5,314,988,41,0.020020,0.903981
5,315,402,25,0.012207,0.923780
5,316,917,45,0.021973,0.900222
5,317,389,21,0.010254,0.936747
5,318,538,25,0.012207,0.939904
5,319,965,7,0.003418,0.972763
5,320,981,20,0.009766,0.957082
5,321,529,39,0.019043,0.818605
5,322,541,33,0.016113,0.885017
5,323,209,39,0.019043,0.921687
5,324,525,34,0.016602,0.921659
5,325,81,21,0.010254,0.952915
5,326,614,46,0.022461,0.885572
5,327,591,46,0.022461,0.831502
5,328,686,23,0.011230,0.932945
5,329,518,32,0.015625,0.918987
5,330,950,21,0.010254,0.942308
5,331,256,18,0.008789,0.929412
5,332,753,16,0.007812,0.949527
5,333,23,37,0.018066,0.911483
5,334,378,25,0.012207,0.932615
5,335,630,29,0.014160,0.916667
5,336,700,34,0.016602,0.896970
5,337,635,47,0.022949,0.832143
5,338,483,14,0.006836,0.944664
5,339,540,30,0.014648,0.892857
5,340,987,30,0.014648,0.929412
5,341,184,24,0.011719,0.930435
5,342,616,28,0.013672,0.926893
5,343,381,39,0.019043,0.895722
5,344,528,29,0.014160,0.914956
5,345,161,21,0.010254,0.927083
5,346,970,34,0.016602,0.899408
5,347,9,38,0.018555,0.913043
5,348,116,29,0.014160,0.892593
5,349,918,26,0.012695,0.914474
5,350,1009,14,0.006836,0.959654
5,351,630,20,0.009766,0.937304
5,352,204,32,0.015625,0.906433
5,353,553,36,0.017578,0.895044
5,354,139,22,0.010742,0.932515
5,355,889,28,0.013672,0.915663
5,356,200,19,0.009277,0.942249
5,357,252,34,0.016602,0.925764
5,358,684,20,0.009766,0.934641
5,359,826,23,0.011230,0.931548
5,360,78,22,0.010742,0.936963
5,361,779,51,0.024902,0.881395
5,362,253,24,0.011719,0.951120
5,363,76,7,0.003418,0.976974
5,364,484,22,0.010742,0.937322
5,365,514,70,0.034180,0.867925
5,366,171,11,0.005371,0.964401
5,367,372,24,0.011719,0.911765
5,368,435,22,0.010742,0.920863
5,369,50,13,0.006348,0.948413
5,370,1021,29,0.014160,0.911854
5,371,222,17,0.008301,0.950147
5,372,367,24,0.011719,0.911765
5,373,292,22,0.010742,0.949425
5,374,52,28,0.013672,0.891473
5,375,886,37,0.018066,0.913551
5,376,358,29,0.014160,0.912913
5,377,363,35,0.017090,0.894260
5,378,334,25,0.012207,0.932615
5,379,173,17,0.008301,0.958025
5,380,461,30,0.014648,0.923274
5,381,898,36,0.017578,0.902174
5,382,887,39,0.019043,0.922311
5,383,872,4,0.001953,0.986159
5,384,306,27,0.013184,0.909396
5,385,882,17,0.008301,0.939286
5,386,388,36,0.017578,0.881967
5,387,440,23,0.011230,0.928349
5,388,240,31,0.015137,0.892361
5,389,317,21,0.010254,0.936747
5,390,636,30,0.014648,0.927361
5,391,168,33,0.016113,0.899696
5,392,1014,68,0.033203,0.881119
5,393,403,39,0.019043,0.917373
5,394,836,30,0.014648,0.897611
5,395,470,8,0.003906,0.972881
5,396,125,36,0.017578,0.857143
5,397,944,24,0.011719,0.877551
5,398,847,27,0.013184,0.895349
5,399,119,9,0.004395,0.968421
5,400,1002,28,0.013672,0.901754
5,401,302,31,0.015137,0.895270
5,402,637,23,0.011230,0.928571
5,403,393,39,0.019043,0.917373
5,404,589,30,0.014648,0.922280
5,405,770,16,0.007812,0.964126
5,406,194,12,0.005859,0.947826
5,407,940,28,0.013672,0.927649
5,408,504,8,0.003906,0.970149
5,409,141,21,0.010254,0.914980
5,410,235,2,0.000977,0.994236
5,411,796,27,0.013184,0.908784
5,412,893,23,0.011230,0.906883
5,413,450,18,0.008789,0.921397
5,414,99,20,0.009766,0.939759
5,415,434,46,0.022461,0.882353
5,416,915,29,0.014160,0.903333
5,417,175,53,0.025879,0.901304
5,418,878,80,0.039062,0.859155
5,419,459,30,0.014648,0.908815
5,420,20,21,0.010254,0.946565
5,421,436,9,0.004395,0.970684
5,422,528,28,0.013672,0.914373
5,423,976,23,0.011230,0.933526
5,424,22,23,0.011230,0.909449
5,425,164,56,0.027344,0.790262
5,426,68,37,0.018066,0.830275
5,427,805,20,0.009766,0.927536
5,428,173,32,0.015625,0.921760
5,429,599,40,0.019531,0.900000
5,430,416,32,0.015625,0.898413
5,431,689,31,0.015137,0.922306
5,432,813,8,0.003906,0.972789
5,433,933,16,0.007812,0.956403
5,434,139,30,0.014648,0.913793
5,435,368,22,0.010742,0.920863
5,436,421,9,0.004395,0.970684
5,437,283,40,0.019531,0.908676
5,438,217,20,0.009766,0.943820
5,439,42,11,0.005371,0.965517
5,440,387,23,0.011230,0.928349
5,441,529,32,0.015625,0.842365
5,442,179,28,0.013672,0.931540
5,443,307,29,0.014160,0.922667
5,444,766,45,0.021973,0.906639
5,445,559,39,0.019043,0.909091
5,446,10,42,0.020508,0.867925
5,447,964,36,0.017578,0.900277
5,448,50,17,0.008301,0.933594
5,449,398,31,0.015137,0.875000
5,450,413,18,0.008789,0.921397
5,451,193,16,0.007812,0.950920
5,452,1003,58,0.028320,0.876596
5,453,949,26,0.012695,0.931759
5,454,929,29,0.014160,0.907643
5,455,903,56,0.027344,0.884058
5,456,163,32,0.015625,0.916010
5,457,1002,19,0.009277,0.929630
5,458,1013,59,0.028809,0.860520
5,459,31,14,0.006836,0.955975
5,460,589,34,0.016602,0.909333
5,461,242,23,0.011230,0.942786
5,462,569,41,0.020020,0.898765
5,463,680,25,0.012207,0.919094
5,464,102,24,0.011719,0.923077
5,465,67,40,0.019531,0.884393
5,466,553,34,0.016602,0.907609
5,467,38,34,0.016602,0.908108
5,468,872,37,0.018066,0.886154
5,469,886,27,0.013184,0.934940
5,470,395,8,0.003906,0.972881
5,471,258,35,0.017090,0.885621
5,472,911,34,0.016602,0.917476
5,473,382,45,0.021973,0.910714
5,474,629,33,0.016113,0.928261
5,475,546,32,0.015625,0.927107
5,476,198,39,0.019043,0.898172
5,477,860,34,0.016602,0.918072
5,478,313,49,0.023926,0.891832
5,479,998,31,0.015137,0.922693
5,480,306,27,0.013184,0.912621
5,481,495,22,0.010742,0.932722
5,482,105,27,0.013184,0.902527
5,483,338,14,0.006836,0.944664
5,484,364,22,0.010742,0.937322
5,485,540,30,0.014648,0.888476
5,486,587,34,0.016602,0.921659
5,487,124,27,0.013184,0.931990
5,488,765,40,0.019531,0.905213
5,489,593,41,0.020020,0.893229
5,490,842,21,0.010254,0.930693
5,491,64,29,0.014160,0.923280
5,492,104,38,0.018555,0.906173
5,493,735,37,0.018066,0.900000
5,494,94,25,0.012207,0.924012
5,495,481,22,0.010742,0.932722
5,496,90,27,0.013184,0.936170
5,497,221,26,0.012695,0.943107
5,498,229,24,0.011719,0.908397
5,499,537,28,0.013672,0.897436
5,500,353,41,0.020020,0.880466
5,501,89,10,0.004883,0.971831
5,502,939,41,0.020020,0.910675
5,503,144,18,0.008789,0.937500
5,504,408,8,0.003906,0.970149
5,505,729,13,0.006348,0.957516
5,506,16,31,0.015137,0.902208
5,507,210,36,0.017578,0.915094
5,508,473,64,0.031250,0.881041
5,509,165,33,0.016113,0.890728
5,510,501,16,0.007812,0.956164
5,511,102,29,0.014160,0.909091
5,512,812,51,0.024902,0.904135
5,513,306,22,0.010742,0.929032
5,514,663,33,0.016113,0.930526
5,515,725,16,0.007812,0.949843
5,516,788,29,0.014160,0.905229
5,517,276,25,0.012207,0.914966
5,518,329,32,0.015625,0.918987
5,519,350,35,0.017090,0.904110
5,520,122,20,0.009766,0.935275
5,521,944,25,0.012207,0.883178
5,522,671,5,0.002441,0.988399
5,523,59,51,0.024902,0.890792
5,524,342,34,0.016602,0.906593
5,525,633,32,0.015625,0.926941
5,526,778,20,0.009766,0.947917
5,527,771,20,0.009766,0.948052
5,528,422,28,0.013672,0.914373
5,529,92,32,0.015625,0.843137
5,530,57,19,0.009277,0.945087
5,531,239,15,0.007324,0.955224
5,532,511,40,0.019531,0.873418
5,533,328,27,0.013184,0.920118
5,534,309,27,0.013184,0.904930
5,535,999,54,0.026367,0.893910
5,536,615,6,0.002930,0.974895
5,537,224,28,0.013672,0.900000
5,538,318,25,0.012207,0.939904
5,539,300,26,0.012695,0.930667
5,540,339,30,0.014648,0.892857
5,541,322,33,0.016113,0.885017
5,542,22,27,0.013184,0.892857
5,543,267,45,0.021973,0.826255
5,544,632,38,0.018555,0.901809
5,545,106,39,0.019043,0.897906
5,546,475,32,0.015625,0.927107
5,547,528,45,0.021973,0.875691
5,548,901,17,0.008301,0.961625
5,549,175,65,0.031738,0.884135
5,550,340,36,0.017578,0.914692
5,551,744,31,0.015137,0.919897
5,552,559,49,0.023926,0.893478
5,553,954,16,0.007812,0.952663
5,554,992,21,0.010254,0.949881
5,555,481,36,0.017578,0.894428
5,556,516,39,0.019043,0.886297
5,557,719,24,0.011719,0.903226
5,558,534,28,0.013672,0.906667
5,559,830,29,0.014160,0.931442
5,560,198,40,0.019531,0.890411
5,561,714,22,0.010742,0.919708
5,562,251,17,0.008301,0.946708
5,563,277,22,0.010742,0.945946
5,564,926,26,0.012695,0.915033
5,565,848,35,0.017090,0.879310
5,566,84,43,0.020996,0.904018
5,567,527,39,0.019043,0.905340
5,568,111,40,0.019531,0.898734
5,569,829,25,0.012207,0.936061
5,570,373,37,0.018066,0.914747
5,571,909,26,0.012695,0.922156
5,572,633,14,0.006836,0.967963
5,573,360,34,0.016602,0.903955
5,574,277,17,0.008301,0.956962
5,575,259,43,0.020996,0.904867
5,576,409,36,0.017578,0.864151
5,577,26,37,0.018066,0.829493
5,578,970,38,0.018555,0.877023
5,579,45,27,0.013184,0.889796
5,580,54,35,0.017090,0.878049
5,581,199,19,0.009277,0.938907
5,582,193,24,0.011719,0.924051
5,583,932,42,0.020508,0.923077
5,584,402,35,0.017090,0.894895
5,585,970,32,0.015625,0.899054
5,586,72,31,0.015137,0.886861
5,587,486,34,0.016602,0.921659
5,588,675,31,0.015137,0.903727
5,589,404,30,0.014648,0.922280
5,590,522,40,0.019531,0.912664
5,591,327,46,0.022461,0.831502
5,592,895,23,0.011230,0.917857
5,593,37,33,0.016113,0.917910
5,594,657,21,0.010254,0.951389
5,595,178,43,0.020996,0.903587
5,596,729,26,0.012695,0.915033
5,597,870,25,0.012207,0.892704
5,598,364,26,0.012695,0.926966
5,599,600,38,0.018555,0.909308
5,600,599,38,0.018555,0.909308
5,601,459,25,0.012207,0.919355
5,602,693,33,0.016113,0.916031
5,603,913,22,0.010742,0.929712
5,604,47,45,0.021973,0.890777
5,605,737,23,0.011230,0.938667
5,606,28,39,0.019043,0.885630
5,607,368,31,0.015137,0.895270
5,608,272,32,0.015625,0.909348
5,609,786,28,0.013672,0.926893
5,610,823,35,0.017090,0.875000
5,611,711,29,0.014160,0.903974
5,612,648,16,0.007812,0.961259
5,613,41,30,0.014648,0.905956
5,614,326,46,0.022461,0.885572
5,615,536,6,0.002930,0.974895
5,616,342,28,0.013672,0.926893
5,617,925,35,0.017090,0.898844
5,618,169,34,0.016602,0.905292
5,619,211,29,0.014160,0.915452
5,620,983,16,0.007812,0.954286
5,621,727,55,0.026855,0.814189
5,622,749,36,0.017578,0.920705
5,623,160,41,0.020020,0.880117
5,624,366,30,0.014648,0.900000
5,625,44,27,0.013184,0.911765
5,626,958,31,0.015137,0.913165
5,627,570,43,0.020996,0.903153
5,628,891,29,0.014160,0.920981
5,629,474,33,0.016113,0.928261
5,630,151,12,0.005859,0.963077
5,631,192,25,0.012207,0.907063
5,632,994,23,0.011230,0.934473
5,633,572,14,0.006836,0.967963
5,634,197,29,0.014160,0.890152
5,635,25,22,0.010742,0.912000
5,636,390,30,0.014648,0.927361
5,637,402,23,0.011230,0.928571
5,638,740,22,0.010742,0.908714
5,639,826,15,0.007324,0.952830
5,640,275,16,0.007812,0.938462
5,641,128,25,0.012207,0.932432
5,642,1003,45,0.021973,0.902174
5,643,422,43,0.020996,0.874269
5,644,158,27,0.013184,0.886555
5,645,693,9,0.004395,0.976744
5,646,846,26,0.012695,0.887446
5,647,114,28,0.013672,0.926893
5,648,612,16,0.007812,0.961259
5,649,714,23,0.011230,0.914498
5,650,80,31,0.015137,0.916442
5,651,167,23,0.011230,0.937500
5,652,908,27,0.013184,0.921283
5,653,135,23,0.011230,0.926518
5,654,943,27,0.013184,0.931646
5,655,664,41,0.020020,0.890080
5,656,385,29,0.014160,0.899654
5,657,594,21,0.010254,0.951389
5,658,1,26,0.012695,0.941964
5,659,225,16,0.007812,0.951952
5,660,885,39,0.019043,0.904645
5,661,164,24,0.011719,0.914286
5,662,821,40,0.019531,0.897172
5,663,514,33,0.016113,0.930526
5,664,655,41,0.020020,0.890080
5,665,657,23,0.011230,0.948546
5,666,348,32,0.015625,0.891525
5,667,682,23,0.011230,0.928793
5,668,889,27,0.013184,0.920118
5,669,968,59,0.028809,0.880808
5,670,694,41,0.020020,0.887978
5,671,522,5,0.002441,0.988399
5,672,122,19,0.009277,0.936242
5,673,984,18,0.008789,0.932075
5,674,92,15,0.007324,0.925743
5,675,273,25,0.012207,0.919872
5,676,82,28,0.013672,0.926121
5,677,701,43,0.020996,0.910788
5,678,936,48,0.023438,0.891403
5,679,996,28,0.013672,0.920904
5,680,463,25,0.012207,0.919094
5,681,104,33,0.016113,0.917706
5,682,667,23,0.011230,0.928793
5,683,1014,50,0.024414,0.908088
5,684,358,20,0.009766,0.934641
5,685,64,52,0.025391,0.869347
5,686,328,23,0.011230,0.932945
5,687,852,30,0.014648,0.919355
5,688,157,13,0.006348,0.953571
5,689,431,31,0.015137,0.922306
5,690,298,30,0.014648,0.934211
5,691,194,44,0.021484,0.823293
5,692,680,30,0.014648,0.909366
5,693,645,9,0.004395,0.976744
5,694,528,32,0.015625,0.907514
5,695,1023,29,0.014160,0.939959
5,696,735,47,0.022949,0.880711
5,697,199,16,0.007812,0.947368
5,698,841,46,0.022461,0.849673
5,699,599,40,0.019531,0.898734
5,700,336,34,0.016602,0.896970
5,701,928,37,0.018066,0.922269
5,702,937,29,0.014160,0.887597
5,703,882,20,0.009766,0.931271
5,704,2,41,0.020020,0.919922
5,705,844,31,0.015137,0.862832
5,706,545,41,0.020020,0.898515
5,707,120,21,0.010254,0.949519
5,708,928,43,0.020996,0.909283
5,709,99,11,0.005371,0.966258
5,710,130,26,0.012695,0.932292
5,711,611,29,0.014160,0.903974
5,712,247,48,0.023438,0.893096
5,713,967,10,0.004883,0.972973
5,714,926,20,0.009766,0.930796
5,715,114,28,0.013672,0.923913
5,716,94,35,0.017090,0.890282
5,717,136,26,0.012695,0.934673
5,718,743,29,0.014160,0.899306
5,719,22,4,0.001953,0.982833
5,720,936,51,0.024902,0.890323
5,721,406,16,0.007812,0.932203
5,722,259,34,0.016602,0.926724
5,723,41,49,0.023926,0.865385
5,724,716,37,0.018066,0.870175
5,725,515,16,0.007812,0.949843
5,726,432,26,0.012695,0.910345
5,727,836,36,0.017578,0.880795
5,728,905,44,0.021484,0.909278
5,729,505,13,0.006348,0.957516
5,730,79,43,0.020996,0.902494
5,731,196,32,0.015625,0.919799
5,732,971,30,0.014648,0.913793
5,733,421,27,0.013184,0.916149
5,734,769,27,0.013184,0.921512
5,735,423,36,0.017578,0.900000
5,736,159,15,0.007324,0.967105
5,737,605,23,0.011230,0.938667
5,738,424,27,0.013184,0.900369
5,739,835,7,0.003418,0.981627
5,740,638,22,0.010742,0.908714
5,741,152,21,0.010254,0.932258
5,742,767,28,0.013672,0.922438
5,743,65,27,0.013184,0.906897
5,744,551,31,0.015137,0.919897
5,745,163,45,0.021973,0.893617
5,746,771,18,0.008789,0.954082
5,747,278,32,0.015625,0.917526
5,748,985,29,0.014160,0.928922
5,749,880,30,0.014648,0.932886
5,750,338,36,0.017578,0.872340
5,751,991,30,0.014648,0.918033
5,752,842,8,0.003906,0.973064
5,753,332,16,0.007812,0.949527
5,754,155,49,0.023926,0.800000
5,755,82,26,0.012695,0.933504
5,756,515,21,0.010254,0.937685
5,757,935,10,0.004883,0.973958
5,758,0,88,0.042969,0.847487
5,759,862,11,0.005371,0.973684
5,760,750,50,0.024414,0.841772
5,761,827,31,0.015137,0.870833
5,762,795,36,0.017578,0.926230
5,763,720,54,0.026367,0.891784
5,764,264,45,0.021973,0.886364
5,765,850,30,0.014648,0.921466
5,766,292,34,0.016602,0.924612
5,767,881,23,0.011230,0.936288
5,768,839,32,0.015625,0.888889
5,769,734,27,0.013184,0.921512
5,770,405,16,0.007812,0.964126
5,771,746,18,0.008789,0.954082
5,772,1022,26,0.012695,0.906475
5,773,794,39,0.019043,0.897638
5,774,498,32,0.015625,0.879699
5,775,883,29,0.014160,0.884462
5,776,416,42,0.020508,0.875371
5,777,98,37,0.018066,0.899457
5,778,526,20,0.009766,0.947917
5,779,342,32,0.015625,0.917738
5,780,674,30,0.014648,0.855072
5,781,915,19,0.009277,0.932143
5,782,228,5,0.002441,0.989980
5,783,767,33,0.016113,0.914508
5,784,896,32,0.015625,0.896774
5,785,649,42,0.020508,0.832000
5,786,96,26,0.012695,0.929730
5,787,399,15,0.007324,0.946619
5,788,516,29,0.014160,0.905229
5,789,667,34,0.016602,0.901449
5,790,873,30,0.014648,0.921671
5,791,232,32,0.015625,0.904478
5,792,256,11,0.005371,0.958175
5,793,341,39,0.019043,0.894879
5,794,773,39,0.019043,0.897638
5,795,762,36,0.017578,0.926230
5,796,411,27,0.013184,0.908784
5,797,806,15,0.007324,0.942529
5,798,980,54,0.026367,0.870192
5,799,5,28,0.013672,0.909677
5,800,877,33,0.016113,0.918719
5,801,414,37,0.018066,0.891813
5,802,976,19,0.009277,0.944606
5,803,963,18,0.008789,0.945289
5,804,737,31,0.015137,0.922306
5,805,427,20,0.009766,0.927536
5,806,797,15,0.007324,0.942529
5,807,984,41,0.020020,0.845865
5,808,8,27,0.013184,0.927614
5,809,16,36,0.017578,0.880795
5,810,678,53,0.025879,0.881432
5,811,501,35,0.017090,0.909794
5,812,869,7,0.003418,0.986381
5,813,432,8,0.003906,0.972789
5,814,37,25,0.012207,0.940048
5,815,1003,63,0.030762,0.871951
5,816,713,20,0.009766,0.947090
5,817,152,24,0.011719,0.921311
5,818,983,40,0.019531,0.895833
5,819,305,33,0.016113,0.910811
5,820,408,26,0.012695,0.902622
5,821,278,22,0.010742,0.943590
5,822,173,44,0.021484,0.895487
5,823,610,35,0.017090,0.875000
5,824,875,29,0.014160,0.918079
5,825,539,45,0.021973,0.882812
5,826,639,15,0.007324,0.952830
5,827,761,31,0.015137,0.870833
5,828,728,71,0.034668,0.866792
5,829,569,25,0.012207,0.936061
5,830,559,29,0.014160,0.931442
5,831,285,22,0.010742,0.919708
5,832,87,26,0.012695,0.930481
5,833,526,26,0.012695,0.931579
5,834,496,43,0.020996,0.904867
5,835,739,7,0.003418,0.981627
5,836,65,18,0.008789,0.936842
5,837,740,34,0.016602,0.873606
5,838,46,39,0.019043,0.900256
5,839,332,28,0.013672,0.911111
5,840,318,31,0.015137,0.924757
5,841,412,34,0.016602,0.877256
5,842,752,8,0.003906,0.973064
5,843,784,33,0.016113,0.897833
5,844,883,23,0.011230,0.902954
5,845,566,63,0.030762,0.863931
5,846,646,26,0.012695,0.887446
5,847,398,27,0.013184,0.895349
5,848,565,35,0.017090,0.879310
5,849,246,23,0.011230,0.919580
5,850,765,30,0.014648,0.921466
5,851,304,36,0.017578,0.898592
5,852,136,28,0.013672,0.925729
5,853,197,28,0.013672,0.885246
5,854,57,19,0.009277,0.944118
5,855,187,33,0.016113,0.866397
5,856,310,14,0.006836,0.960784
5,857,869,40,0.019531,0.926874
5,858,281,52,0.025391,0.914474
5,859,260,21,0.010254,0.950588
5,860,477,34,0.016602,0.918072
5,861,717,29,0.014160,0.932084
5,862,759,11,0.005371,0.973684
5,863,434,36,0.017578,0.897727
5,864,82,32,0.015625,0.917526
5,865,154,27,0.013184,0.918675
5,866,310,40,0.019531,0.894737
5,867,520,40,0.019531,0.882353
5,868,980,31,0.015137,0.923457
5,869,812,7,0.003418,0.986381
5,870,597,25,0.012207,0.892704
5,871,17,33,0.016113,0.904348
5,872,383,4,0.001953,0.986159
5,873,790,30,0.014648,0.921671
5,874,903,45,0.021973,0.899777
5,875,824,29,0.014160,0.918079
5,876,79,60,0.029297,0.879760
5,877,310,33,0.016113,0.914508
5,878,770,63,0.030762,0.873747
5,879,348,32,0.015625,0.882784
5,880,749,30,0.014648,0.932886
5,881,767,23,0.011230,0.936288
5,882,385,17,0.008301,0.939286
5,883,844,23,0.011230,0.902954
5,884,55,28,0.013672,0.923497
5,885,933,38,0.018555,0.900262
5,886,469,27,0.013184,0.934940
5,887,382,39,0.019043,0.922311
5,888,244,30,0.014648,0.906832
5,889,234,13,0.006348,0.959627
5,890,752,43,0.020996,0.863924
5,891,628,29,0.014160,0.920981
5,892,931,61,0.029785,0.896435
5,893,412,23,0.011230,0.906883
5,894,463,29,0.014160,0.905229
5,895,214,22,0.010742,0.917910
5,896,784,32,0.015625,0.896774
5,897,594,33,0.016113,0.919708
5,898,264,33,0.016113,0.911528
5,899,1017,32,0.015625,0.881481
5,900,18,43,0.020996,0.876437
5,901,548,17,0.008301,0.961625
5,902,133,26,0.012695,0.919255
5,903,79,29,0.014160,0.936264
5,904,912,40,0.019531,0.897698
5,905,1004,36,0.017578,0.921569
5,906,131,36,0.017578,0.901099
5,907,995,59,0.028809,0.892139
5,908,272,23,0.011230,0.933908
5,909,571,26,0.012695,0.922156
5,910,1017,27,0.013184,0.901818
5,911,472,34,0.016602,0.917476
5,912,904,40,0.019531,0.897698
5,913,603,22,0.010742,0.929712
5,914,789,43,0.020996,0.885942
5,915,240,19,0.009277,0.932624
5,916,419,40,0.019531,0.887955
5,917,316,45,0.021973,0.900222
5,918,349,26,0.012695,0.914474
5,919,322,37,0.018066,0.882540
5,920,691,47,0.022949,0.799145
5,921,157,35,0.017090,0.880546
5,922,21,31,0.015137,0.936992
5,923,1010,30,0.014648,0.885057
5,924,582,42,0.020508,0.870370
5,925,582,26,0.012695,0.917981
5,926,714,20,0.009766,0.930796
5,927,28,21,0.010254,0.932039
5,928,209,27,0.013184,0.944672
5,929,384,28,0.013672,0.908197
5,930,63,36,0.017578,0.867647
5,931,892,61,0.029785,0.896435
5,932,583,42,0.020508,0.923077
5,933,433,16,0.007812,0.956403
5,934,15,25,0.012207,0.924242
5,935,757,10,0.004883,0.973958
5,936,678,48,0.023438,0.891403
5,937,702,29,0.014160,0.887597
5,938,37,25,0.012207,0.939320
5,939,928,40,0.019531,0.914347
5,940,104,27,0.013184,0.931298
5,941,225,22,0.010742,0.931464
5,942,563,27,0.013184,0.934146
5,943,654,27,0.013184,0.931646
5,944,397,24,0.011719,0.877551
5,945,734,28,0.013672,0.921127
5,946,805,25,0.012207,0.904943
5,947,57,39,0.019043,0.883582
5,948,532,41,0.020020,0.868590
5,949,453,26,0.012695,0.931759
5,950,330,21,0.010254,0.942308
5,951,689,31,0.015137,0.922500
5,952,787,33,0.016113,0.877778
5,953,256,11,0.005371,0.957031
5,954,553,16,0.007812,0.952663
5,955,877,37,0.018066,0.907960
5,956,997,8,0.003906,0.971223
5,957,927,32,0.015625,0.896104
5,958,778,27,0.013184,0.927027
5,959,1001,37,0.018066,0.856589
5,960,307,10,0.004883,0.972678
5,961,239,35,0.017090,0.899135
5,962,159,45,0.021973,0.906445
5,963,171,7,0.003418,0.977707
5,964,33,22,0.010742,0.940541
5,965,319,7,0.003418,0.972763
5,966,433,41,0.020020,0.898515
5,967,713,10,0.004883,0.972973
5,968,859,55,0.026855,0.882979
5,969,714,23,0.011230,0.920690
5,970,585,32,0.015625,0.899054
5,971,732,30,0.014648,0.913793
5,972,451,35,0.017090,0.899135
5,973,410,2,0.000977,0.994269
5,974,137,14,0.006836,0.951890
5,975,517,28,0.013672,0.906040
5,976,802,19,0.009277,0.944606
5,977,103,23,0.011230,0.938338
5,978,863,44,0.021484,0.875706
5,979,46,40,0.019531,0.902439
5,980,868,31,0.015137,0.923457
5,981,320,20,0.009766,0.957082
5,982,237,37,0.018066,0.887538
5,983,620,16,0.007812,0.954286
5,984,673,18,0.008789,0.932075
5,985,748,29,0.014160,0.928922
5,986,505,28,0.013672,0.909968
5,987,179,22,0.010742,0.947242
5,988,379,29,0.014160,0.930288
5,989,173,48,0.023438,0.891892
5,990,192,25,0.012207,0.904943
5,991,751,30,0.014648,0.918033
5,992,554,21,0.010254,0.949881
5,993,128,42,0.020508,0.893939
5,994,632,23,0.011230,0.934473
5,995,208,58,0.028320,0.888676
5,996,679,28,0.013672,0.920904
5,997,956,8,0.003906,0.971223
5,998,479,31,0.015137,0.922693
5,999,745,53,0.025879,0.887473
5,1000,4,36,0.017578,0.896254
5,1001,959,37,0.018066,0.856589
5,1002,457,19,0.009277,0.929630
5,1003,109,36,0.017578,0.923729
5,1004,905,36,0.017578,0.921569
5,1005,328,30,0.014648,0.914040
5,1006,323,45,0.021973,0.910714
5,1007,79,40,0.019531,0.916318
5,1008,768,35,0.017090,0.870370
5,1009,350,14,0.006836,0.959654
5,1010,923,30,0.014648,0.885057
5,1011,285,19,0.009277,0.929368
5,1012,30,35,0.017090,0.890966
5,1013,356,46,0.022461,0.875339
5,1014,683,50,0.024414,0.908088
5,1015,596,30,0.014648,0.901316
5,1016,287,78,0.038086,0.858439
5,1017,910,27,0.013184,0.901818
5,1018,730,47,0.022949,0.888095
5,1019,467,45,0.021973,0.883117
5,1020,29,16,0.007812,0.943262
5,1021,370,29,0.014160,0.911854
5,1022,369,15,0.007324,0.942529
5,1023,695,29,0.014160,0.939959
