tab,blank,raw0,raw1,style,center,width,depth,neck,head,skew
A12,B1,242169963,6301149,2,3,3,3,3,0,2
A19,B2,150247157,11459360,4,3,1,2,0,3,4
A2,B3,251625321,15240450,0,6,3,3,0,2,6
A9,B4,61510011,1688670,2,0,2,0,1,3,0
A16,B5,6604876,15997945,3,3,1,0,3,0,6
A23,B6,39667758,3268631,5,3,3,0,0,3,1
A6,B7,228884282,16359313,1,6,1,3,2,2,6
A13,B8,32367068,1541119,3,0,3,0,3,2,0
A20,B9,197314693,14429918,4,3,0,2,3,0,6
A3,B10,104122313,14939165,0,3,1,1,0,3,6
A10,B11,266338107,14797701,2,6,3,3,2,3,6
A17,B12,14610509,2138539,4,0,3,0,2,2,0
A24,B13,30508854,11473660,5,3,0,0,3,0,4
A7,B14,49416018,10870051,1,3,0,0,0,3,4
A14,B15,227803028,14451383,3,6,0,3,2,2,6
A21,B16,15065286,1910535,5,0,1,0,0,0,0
A4,B17,30447417,7148013,0,3,0,0,3,0,2
A11,B18,227625083,14090042,2,3,0,3,0,3,5
A18,B19,254025213,14504935,4,6,1,3,3,1,6
A1,B20,27853265,237566,0,0,2,0,3,2,0
A8,B21,257530154,12065223,1,3,2,3,3,0,5
A15,B22,237832460,1896451,3,3,3,3,0,3,0
A22,B23,216673998,15403393,5,6,2,3,2,0,6
A5,B24,47505514,1061000,1,0,1,0,2,0,0
