style,axis,class,min,max,other_samples
1,center,0,0.41600001,0.42390588,128
1,center,1,0.44276080,0.45066667,128
1,center,2,0.46952158,0.47720784,128
1,center,3,0.49606276,0.50396866,128
1,center,4,0.52282351,0.53050983,128
1,center,5,0.54936469,0.55727059,128
1,center,6,0.57612550,0.58381176,128
1,width,0,0.39164400,0.39946294,128
1,width,1,0.43414801,0.44281551,128
1,width,2,0.47665197,0.48616806,128
1,width,3,0.51915604,0.52952063,128
1,depth,0,0.15300001,0.15605456,128
1,depth,1,0.16963367,0.17302029,128
1,depth,2,0.18626735,0.18998604,128
1,depth,3,0.20290099,0.20695177,128
1,neck,0,0.34650001,0.35341763,128
1,neck,1,0.42570001,0.43419883,128
1,neck,2,0.50489998,0.51497996,128
1,neck,3,0.58410001,0.59576112,128
1,head,0,0.51824349,0.52858984,128
1,head,1,0.57448697,0.58595622,128
1,head,2,0.63073039,0.64332253,128
1,head,3,0.68697393,0.70068890,128
1,skew,0,-0.10500000,-0.09511765,128
1,skew,1,-0.07154901,-0.06166666,128
1,skew,2,-0.03809804,-0.02849019,128
1,skew,3,-0.00492156,0.00496079,128
1,skew,4,0.02852942,0.03813726,128
1,skew,5,0.06170589,0.07158824,128
1,skew,6,0.09515688,0.10476472,128
2,center,0,0.41600001,0.42390588,128
2,center,1,0.44276080,0.45066667,128
2,center,2,0.46952158,0.47720784,128
2,center,3,0.49606276,0.50396866,128
2,center,4,0.52282351,0.53050983,128
2,center,5,0.54936469,0.55727059,128
2,center,6,0.57612550,0.58381176,128
2,width,0,0.44272798,0.45156676,128
2,width,1,0.49077600,0.50057399,128
2,width,2,0.53882396,0.54958123,128
2,width,3,0.58687198,0.59858847,128
2,depth,0,0.14450000,0.14738485,128
2,depth,1,0.16020957,0.16340804,128
2,depth,2,0.17591915,0.17943126,128
2,depth,3,0.19162871,0.19545445,128
2,neck,0,0.36688235,0.37420690,128
2,neck,1,0.45074123,0.45973998,128
2,neck,2,0.53460008,0.54527301,128
2,neck,3,0.61845887,0.63080597,128
2,head,0,0.55668467,0.56779855,128
2,head,1,0.61710006,0.62942004,128
2,head,2,0.67751539,0.69104159,128
2,head,3,0.73793083,0.75266314,128
2,skew,0,-0.10500000,-0.09511765,128
2,skew,1,-0.07154901,-0.06166666,128
2,skew,2,-0.03809804,-0.02849019,128
2,skew,3,-0.00492156,0.00496079,128
2,skew,4,0.02852942,0.03813726,128
2,skew,5,0.06170589,0.07158824,128
2,skew,6,0.09515688,0.10476472,128
3,center,0,0.41600001,0.42390588,128
3,center,1,0.44276080,0.45066667,128
3,center,2,0.46952158,0.47720784,128
3,center,3,0.49606276,0.50396866,128
3,center,4,0.52282351,0.53050983,128
3,center,5,0.54936469,0.55727059,128
3,center,6,0.57612550,0.58381176,128
3,width,0,0.34056002,0.34735906,128
3,width,1,0.37752002,0.38505694,128
3,width,2,0.41447997,0.42275482,128
3,width,3,0.45144001,0.46045271,128
3,depth,0,0.15300001,0.15605456,128
3,depth,1,0.16963367,0.17302029,128
3,depth,2,0.18626735,0.18998604,128
3,depth,3,0.20290099,0.20695177,128
3,neck,0,0.36156520,0.36878359,128
3,neck,1,0.44420868,0.45307702,128
3,neck,2,0.52685213,0.53737038,128
3,neck,3,0.60949564,0.62166375,128
3,head,0,0.48955503,0.49932864,128
3,head,1,0.54268503,0.55351937,128
3,head,2,0.59581494,0.60771000,128
3,head,3,0.64894497,0.66190070,128
3,skew,0,-0.10500000,-0.09511765,128
3,skew,1,-0.07154901,-0.06166666,128
3,skew,2,-0.03809804,-0.02849019,128
3,skew,3,-0.00492156,0.00496079,128
3,skew,4,0.02852942,0.03813726,128
3,skew,5,0.06170589,0.07158824,128
3,skew,6,0.09515688,0.10476472,128
4,center,0,0.41600001,0.42390588,128
4,center,1,0.44276080,0.45066667,128
4,center,2,0.46952158,0.47720784,128
4,center,3,0.49606276,0.50396866,128
4,center,4,0.52282351,0.53050983,128
4,center,5,0.54936469,0.55727059,128
4,center,6,0.57612550,0.58381176,128
4,width,0,0.39164400,0.39946294,128
4,width,1,0.43414801,0.44281551,128
4,width,2,0.47665197,0.48616806,128
4,width,3,0.51915604,0.52952063,128
4,depth,0,0.17850000,0.18206362,128
4,depth,1,0.18924752,0.19302572,128
4,depth,2,0.19999506,0.20398782,128
4,depth,3,0.21074259,0.21494992,128
4,neck,0,0.35933331,0.36650714,128
4,neck,1,0.44146666,0.45028025,128
4,neck,2,0.52359998,0.53405327,128
4,neck,3,0.60573328,0.61782634,128
4,head,0,0.49973485,0.50971168,128
4,head,1,0.55396962,0.56502926,128
4,head,2,0.60820442,0.62034678,128
4,head,3,0.66243923,0.67566437,128
4,skew,0,-0.10500000,-0.09511765,128
4,skew,1,-0.07154901,-0.06166666,128
4,skew,2,-0.03809804,-0.02849019,128
4,skew,3,-0.00492156,0.00496079,128
4,skew,4,0.02852942,0.03813726,128
4,skew,5,0.06170589,0.07158824,128
4,skew,6,0.09515688,0.10476472,128
5,center,0,0.41600001,0.42390588,128
5,center,1,0.44276080,0.45066667,128
5,center,2,0.46952158,0.47720784,128
5,center,3,0.49606276,0.50396866,128
5,center,4,0.52282351,0.53050983,128
5,center,5,0.54936469,0.55727059,128
5,center,6,0.57612550,0.58381176,128
5,width,0,0.39164400,0.39946294,128
5,width,1,0.43414801,0.44281551,128
5,width,2,0.47665197,0.48616806,128
5,width,3,0.51915604,0.52952063,128
5,depth,0,0.11900000,0.12137575,128
5,depth,1,0.13193730,0.13457133,128
5,depth,2,0.14487459,0.14776692,128
5,depth,3,0.15781190,0.16096249,128
5,neck,0,0.39599997,0.40390584,128
5,neck,1,0.48651430,0.49622720,128
5,neck,2,0.57702857,0.58854848,128
5,neck,3,0.66754276,0.68086982,128
5,head,0,0.51824349,0.52858984,128
5,head,1,0.57448697,0.58595622,128
5,head,2,0.63073039,0.64332253,128
5,head,3,0.68697393,0.70068890,128
5,skew,0,-0.10500000,-0.09511765,128
5,skew,1,-0.07154901,-0.06166666,128
5,skew,2,-0.03809804,-0.02849019,128
5,skew,3,-0.00492156,0.00496079,128
5,skew,4,0.02852942,0.03813726,128
5,skew,5,0.06170589,0.07158824,128
5,skew,6,0.09515688,0.10476472,128
6,center,0,0.41600001,0.42390588,128
6,center,1,0.44276080,0.45066667,128
6,center,2,0.46952158,0.47720784,128
6,center,3,0.49606276,0.50396866,128
6,center,4,0.52282351,0.53050983,128
6,center,5,0.54936469,0.55727059,128
6,center,6,0.57612550,0.58381176,128
6,width,0,0.40867200,0.41683087,128
6,width,1,0.45302400,0.46206832,128
6,width,2,0.49737597,0.50730574,128
6,width,3,0.54172796,0.55254322,128
6,depth,0,0.16150001,0.16472423,128
6,depth,1,0.17791420,0.18146613,128
6,depth,2,0.19432838,0.19820802,128
6,depth,3,0.21074259,0.21494992,128
6,neck,0,0.25987500,0.26506323,128
6,neck,1,0.31927502,0.32564911,128
6,neck,2,0.37867498,0.38623497,128
6,neck,3,0.43807501,0.44682083,128
6,head,0,0.56760001,0.57893181,128
6,head,1,0.62920004,0.64176160,128
6,head,2,0.69079995,0.70459133,128
6,head,3,0.75239998,0.76742119,128
6,skew,0,-0.10500000,-0.09511765,128
6,skew,1,-0.07154901,-0.06166666,128
6,skew,2,-0.03809804,-0.02849019,128
6,skew,3,-0.00492156,0.00496079,128
6,skew,4,0.02852942,0.03813726,128
6,skew,5,0.06170589,0.07158824,128
6,skew,6,0.09515688,0.10476472,128
