pieces,run,fill_us,receive_us,selection_commit_us,highlight_prepare_us,snapshot_ns,snapshot_copy_us,hashset_clone_us,pointer_down_us,drag_members_and_command_us,grab_ownership_z_us,grab_upload_prepare_us,pointer_ns,release_command_us,release_delta_ownership_snap_us,release_upload_prepare_us,grab_commands,release_commands,mask_bytes,owner_bytes,grab_state_bytes,release_state_bytes,release_ranges
1000,0,0.300,0.700,0.700,0.800,7.520,0.200,3.200,7.000,5.200,13.100,3.700,11.515,0.700,23.200,13.300,1,1,128,8128,16000,16000,1
1000,1,0.200,1.900,0.600,0.800,7.620,0.500,7.500,0.600,1.400,8.300,3.600,11.535,0.700,17.300,9.400,1,1,128,8128,16000,16000,1
1000,2,0.400,4.800,0.600,0.800,7.490,0.300,3.800,0.600,1.200,7.200,1.400,11.507,0.300,16.800,5.400,1,1,128,8128,16000,16000,1
1000,3,0.200,2.500,0.700,0.700,7.510,0.300,1.900,0.400,1.200,7.300,1.300,11.501,0.100,16.600,4.500,1,1,128,8128,16000,16000,1
1000,4,0.200,0.600,0.600,0.600,7.680,0.300,3.800,0.400,1.200,7.700,1.300,11.494,0.500,17.000,6.000,1,1,128,8128,16000,16000,1
10000,0,0.500,0.700,7.200,0.800,7.490,0.500,19.200,0.800,6.100,35.000,18.100,11.517,0.200,164.400,27.400,1,1,1252,81252,160000,160000,1
10000,1,0.400,1.000,5.900,0.700,7.510,0.500,1.600,0.400,6.000,25.700,19.000,11.511,0.300,190.300,69.100,1,1,1252,81252,160000,160000,1
10000,2,0.500,0.700,5.600,0.700,7.510,0.400,1.100,0.400,6.000,28.200,27.200,11.545,0.300,162.300,46.300,1,1,1252,81252,160000,160000,1
10000,3,0.300,1.100,5.600,0.800,7.520,0.400,32.300,0.800,6.700,88.800,42.000,11.505,0.600,162.100,58.500,1,1,1252,81252,160000,160000,1
10000,4,0.400,1.300,5.600,1.200,7.520,0.400,0.900,0.700,7.500,146.100,55.900,11.560,0.200,162.500,33.900,1,1,1252,81252,160000,160000,1
100000,0,0.400,7.000,59.400,1.300,7.510,2.700,109.300,1.000,59.900,544.000,193.800,11.472,0.300,1637.400,337.600,1,1,12500,812500,1600000,1600000,1
100000,1,0.600,7.200,60.800,1.000,7.500,2.200,102.200,0.700,62.600,465.600,176.400,11.514,0.200,1612.700,217.300,1,1,12500,812500,1600000,1600000,1
100000,2,0.400,7.100,57.600,0.900,7.510,1.900,120.700,0.800,62.000,490.300,170.700,11.486,0.300,1683.400,219.500,1,1,12500,812500,1600000,1600000,1
100000,3,0.500,7.900,68.000,0.900,7.520,1.700,83.600,0.800,61.400,439.900,170.200,11.453,0.500,1628.300,254.100,1,1,12500,812500,1600000,1600000,1
100000,4,0.700,2.500,60.400,1.600,7.510,1.700,149.700,0.400,67.700,577.700,200.800,11.458,0.600,2655.200,244.800,1,1,12500,812500,1600000,1600000,1
1000000,0,22.300,56.000,612.900,5.100,7.490,70.200,1555.200,1.300,724.100,6431.200,1686.700,11.480,0.900,16533.200,2256.600,1,1,125000,8125000,16000000,16000000,1
1000000,1,31.200,64.500,614.500,5.900,7.520,43.900,1355.100,1.100,624.700,5032.600,1632.500,11.524,0.800,16876.700,2144.500,1,1,125000,8125000,16000000,16000000,1
1000000,2,21.300,55.200,615.800,6.400,7.520,59.800,1421.500,0.700,700.300,5892.100,1866.500,11.515,1.100,16333.200,2228.100,1,1,125000,8125000,16000000,16000000,1
1000000,3,30.500,66.400,674.000,9.500,7.540,45.100,1283.800,0.800,635.500,5048.100,1946.100,11.510,1.000,16246.200,2172.200,1,1,125000,8125000,16000000,16000000,1
1000000,4,20.200,55.800,614.600,6.400,7.460,52.600,1387.600,0.900,647.500,4600.000,1830.800,11.536,1.500,16434.200,2361.500,1,1,125000,8125000,16000000,16000000,1
