pieces,view,visible,placement_ms,state_ms,initial_upload_prep_ms,dirty_prep_us,frame_ms,cull_gpu_ms,draw_gpu_ms,point_gpu_ms,rectangle_gpu_ms,cpu_state_bytes,gpu_state_bytes,visible_bytes,selectable_bytes,cpu_image_bytes,gpu_image_bytes,pick_visible_bytes,sort_gpu_ms,selection_and_staging_bytes,meshes,piece_entities,draw_calls,sort_workgroups,sort_dispatches,sort_scratch_bytes
1000,near,1000,0.0167,0.0076,0.0051,36.1000,1.7292,0.0078,0.0442,0.0267,0.3119,16000,16000,4000,128,67108864,67108864,4000,0.0000,256,1,0,1,0,0,0
1000,medium,1000,0.0167,0.0076,0.0051,36.1000,1.8479,0.0073,0.0226,0.0248,0.0904,16000,16000,4000,128,67108864,67108864,4000,0.0000,256,1,0,1,0,0,0
1000,entire,1000,0.0167,0.0076,0.0051,36.1000,1.8734,0.0077,0.0444,0.0273,0.2996,16000,16000,4000,128,67108864,67108864,4000,0.0000,256,1,0,1,0,0,0
1000,near_translucent,1000,0.0167,0.0076,0.0051,36.1000,2.6185,0.0081,0.0511,0.0255,0.3704,16000,16000,4000,128,67108864,67108864,4000,0.1275,256,1,0,1,4,11,9164
1000,medium_translucent,1000,0.0167,0.0076,0.0051,36.1000,2.2124,0.0076,0.0213,0.0264,0.0584,16000,16000,4000,128,67108864,67108864,4000,0.1221,256,1,0,1,4,11,9164
1000,entire_translucent,1000,0.0167,0.0076,0.0051,36.1000,2.1842,0.0079,0.0487,0.0271,0.3670,16000,16000,4000,128,67108864,67108864,4000,0.1251,256,1,0,1,4,11,9164
10000,near,1156,0.0496,0.0169,0.0126,9.6000,1.7799,0.0080,0.0429,0.0236,0.3067,160000,160000,40000,1252,67108864,67108864,40000,0.0000,4096,1,0,1,0,0,0
10000,medium,10000,0.0496,0.0169,0.0126,9.6000,1.7687,0.0076,0.0583,0.0279,0.1958,160000,160000,40000,1252,67108864,67108864,40000,0.0000,4096,1,0,1,0,0,0
10000,entire,10000,0.0496,0.0169,0.0126,9.6000,1.7642,0.0076,0.0582,0.0276,0.2522,160000,160000,40000,1252,67108864,67108864,40000,0.0000,4096,1,0,1,0,0,0
10000,near_translucent,1156,0.0496,0.0169,0.0126,9.6000,1.9553,0.0076,0.0421,0.0234,0.3141,160000,160000,40000,1252,67108864,67108864,40000,0.1241,4096,1,0,1,5,11,82172
10000,medium_translucent,10000,0.0496,0.0169,0.0126,9.6000,2.3257,0.0080,0.0557,0.0237,0.1982,160000,160000,40000,1252,67108864,67108864,40000,0.1196,4096,1,0,1,40,11,82172
10000,entire_translucent,10000,0.0496,0.0169,0.0126,9.6000,2.2967,0.0082,0.0561,0.0267,0.2349,160000,160000,40000,1252,67108864,67108864,40000,0.1242,4096,1,0,1,40,11,82172
100000,near,1092,0.6950,0.2928,0.5224,9.3000,1.8836,0.0072,0.0398,0.0262,0.2465,1600000,1600000,400000,12500,67108864,67108864,400000,0.0000,32768,1,0,1,0,0,0
100000,medium,10240,0.6950,0.2928,0.5224,9.3000,2.0450,0.0077,0.0506,0.0246,0.1598,1600000,1600000,400000,12500,67108864,67108864,400000,0.0000,32768,1,0,1,0,0,0
100000,entire,100000,0.6950,0.2928,0.5224,9.3000,2.0396,0.0088,0.0901,0.0263,0.1991,1600000,1600000,400000,12500,67108864,67108864,400000,0.0000,32768,1,0,1,0,0,0
100000,near_translucent,1092,0.6950,0.2928,0.5224,9.3000,2.1717,0.0073,0.0390,0.1073,0.2751,1600000,1600000,400000,12500,67108864,67108864,400000,0.1406,32768,1,0,1,5,11,803000
100000,medium_translucent,10240,0.6950,0.2928,0.5224,9.3000,2.2394,0.0075,0.0506,0.0267,0.1341,1600000,1600000,400000,12500,67108864,67108864,400000,0.1298,32768,1,0,1,40,11,803000
100000,entire_translucent,100000,0.6950,0.2928,0.5224,9.3000,2.3430,0.0081,0.0874,0.0257,0.1159,1600000,1600000,400000,12500,67108864,67108864,400000,0.1320,32768,1,0,1,391,11,803000
1000000,near,1156,7.6450,3.5181,4.2581,17.0000,2.0639,0.0133,0.0472,0.0232,0.1452,16000000,16000000,4000000,125000,67108864,67108864,4000000,0.0000,262144,1,0,1,0,0,0
1000000,medium,10404,7.6450,3.5181,4.2581,17.0000,1.8044,0.0133,0.0655,0.0256,0.0857,16000000,16000000,4000000,125000,67108864,67108864,4000000,0.0000,262144,1,0,1,0,0,0
1000000,entire,1000000,7.6450,3.5181,4.2581,17.0000,2.3314,0.0339,0.5033,0.0675,0.5100,16000000,16000000,4000000,125000,67108864,67108864,4000000,0.0000,262144,1,0,1,0,0,0
1000000,near_translucent,1156,7.6450,3.5181,4.2581,17.0000,2.2835,0.0158,0.0416,0.0255,0.1436,16000000,16000000,4000000,125000,67108864,67108864,4000000,0.1266,262144,1,0,1,5,11,8017448
1000000,medium_translucent,10404,7.6450,3.5181,4.2581,17.0000,2.4162,0.0159,0.0533,0.0267,0.0916,16000000,16000000,4000000,125000,67108864,67108864,4000000,0.1290,262144,1,0,1,41,11,8017448
1000000,entire_translucent,1000000,7.6450,3.5181,4.2581,17.0000,3.1550,0.0185,0.4927,0.0303,0.5052,16000000,16000000,4000000,125000,67108864,67108864,4000000,0.2612,262144,1,0,1,3907,11,8017448
