pieces,view,visible,placement_ms,state_ms,initial_upload_prep_ms,dirty_prep_us,frame_ms,cull_gpu_ms,draw_gpu_ms,point_gpu_ms,rectangle_gpu_ms,cpu_state_bytes,gpu_state_bytes,visible_bytes,selectable_bytes,cpu_image_bytes,gpu_image_bytes,pick_visible_bytes,sort_gpu_ms,selection_and_staging_bytes,meshes,piece_entities,draw_calls
1000,near,1000,0.0245,0.0059,0.0025,14.5000,1.4402,0.0071,0.0441,0.0233,0.4107,16000,16000,4096,128,67108864,67108864,4096,0.0000,256,1,0,1
1000,medium,1000,0.0245,0.0059,0.0025,14.5000,0.9997,0.0061,0.0166,0.0218,0.0604,16000,16000,4096,128,67108864,67108864,4096,0.0000,256,1,0,1
1000,entire,1000,0.0245,0.0059,0.0025,14.5000,1.1495,0.0073,0.0422,0.0237,0.3632,16000,16000,4096,128,67108864,67108864,4096,0.0000,256,1,0,1
1000,entire_translucent,1000,0.0245,0.0059,0.0025,14.5000,2.1907,0.0137,0.0421,0.0236,0.3661,16000,16000,4096,128,67108864,67108864,4096,0.3649,256,1,0,1
10000,near,1156,0.0473,0.0441,0.0614,3.4000,1.1913,0.0064,0.0412,0.0238,0.3671,160000,160000,65536,1252,67108864,67108864,65536,0.0000,4096,1,0,1
10000,medium,10000,0.0473,0.0441,0.0614,3.4000,1.2744,0.0070,0.0548,0.0210,0.2493,160000,160000,65536,1252,67108864,67108864,65536,0.0000,4096,1,0,1
10000,entire,10000,0.0473,0.0441,0.0614,3.4000,1.1281,0.0070,0.0630,0.0225,0.2438,160000,160000,65536,1252,67108864,67108864,65536,0.0000,4096,1,0,1
10000,entire_translucent,10000,0.0473,0.0441,0.0614,3.4000,3.2256,0.0078,0.0536,0.0243,0.2580,160000,160000,65536,1252,67108864,67108864,65536,0.8433,4096,1,0,1
100000,near,1092,0.4140,0.1932,0.4189,12.8000,1.0392,0.0066,0.0373,0.0232,0.2221,1600000,1600000,524288,12500,67108864,67108864,524288,0.0000,32768,1,0,1
100000,medium,10240,0.4140,0.1932,0.4189,12.8000,1.3331,0.0066,0.0550,0.0197,0.1220,1600000,1600000,524288,12500,67108864,67108864,524288,0.0000,32768,1,0,1
100000,entire,100000,0.4140,0.1932,0.4189,12.8000,1.2547,0.0075,0.0912,0.0225,0.1065,1600000,1600000,524288,12500,67108864,67108864,524288,0.0000,32768,1,0,1
100000,entire_translucent,100000,0.4140,0.1932,0.4189,12.8000,5.0895,0.0085,0.0798,0.0246,0.1181,1600000,1600000,524288,12500,67108864,67108864,524288,1.4250,32768,1,0,1
1000000,near,1156,7.0934,2.3911,3.9787,12.7000,1.0979,0.0122,0.0453,0.0230,0.1756,16000000,16000000,4194304,125000,67108864,67108864,4194304,0.0000,262144,1,0,1
1000000,medium,10404,7.0934,2.3911,3.9787,12.7000,1.1527,0.0120,0.0543,0.0236,0.0854,16000000,16000000,4194304,125000,67108864,67108864,4194304,0.0000,262144,1,0,1
1000000,entire,1000000,7.0934,2.3911,3.9787,12.7000,1.7643,0.0270,0.5037,0.0273,0.5773,16000000,16000000,4194304,125000,67108864,67108864,4194304,0.0000,262144,1,0,1
1000000,entire_translucent,1000000,7.0934,2.3911,3.9787,12.7000,6.7320,0.0275,0.5452,0.0269,0.5043,16000000,16000000,4194304,125000,67108864,67108864,4194304,2.4890,262144,1,0,1
