pieces,scenario,run,connectivity_init_us,union_chain_us,iteration_us,expansion_us,grab_us,pointer_ns,release_us,connectivity_bytes,released,component_size
1000,disconnected,0,7.900,0.100,0.000,0.500,22.200,12.270,62.700,8000,1000,1
1000,disconnected,1,0.400,0.000,0.000,0.300,5.500,11.909,73.700,8000,1000,1
1000,disconnected,2,0.800,0.000,0.000,0.300,6.600,11.983,60.500,8000,1000,1
1000,disconnected,3,1.100,0.000,0.000,0.200,7.400,11.887,55.700,8000,1000,1
1000,disconnected,4,0.400,0.100,0.000,0.200,5.200,11.892,54.600,8000,1000,1
1000,single_snap,0,0.400,0.100,0.000,0.200,0.900,11.976,10.800,8000,1,2
1000,single_snap,1,4.200,0.000,0.000,0.100,1.000,11.941,1.200,8000,1,2
1000,single_snap,2,0.300,0.100,0.000,0.100,1.100,11.894,1.500,8000,1,2
1000,single_snap,3,0.400,0.100,0.000,0.100,1.100,12.136,3.900,8000,1,2
1000,single_snap,4,0.700,0.000,0.000,0.100,1.200,11.936,2.300,8000,1,2
1000,closure,0,0.400,0.100,0.000,0.100,0.600,12.799,47.700,8000,1,1000
1000,closure,1,0.400,0.000,0.000,0.200,0.700,12.054,46.800,8000,1,1000
1000,closure,2,0.300,0.000,0.000,0.100,0.900,12.167,64.400,8000,1,1000
1000,closure,3,0.300,0.000,0.000,0.100,0.900,11.879,81.300,8000,1,1000
1000,closure,4,0.800,0.000,0.100,0.100,0.500,11.932,46.500,8000,1,1000
1000,board,0,0.600,0.000,0.100,0.100,5.800,11.904,132.400,8000,1000,1000
1000,board,1,1.900,0.000,0.100,0.300,4.600,11.834,135.900,8000,1000,1000
1000,board,2,2.300,0.000,0.100,0.200,7.300,12.002,136.900,8000,1000,1000
1000,board,3,3.900,0.000,0.000,0.200,5.400,11.908,133.000,8000,1000,1000
1000,board,4,0.300,0.000,0.100,0.200,4.500,11.988,131.300,8000,1000,1000
1000,connected,0,0.700,3.700,1.100,4.700,14.100,11.960,31.100,8000,1000,1000
1000,connected,1,0.400,3.600,1.200,4.600,10.400,11.885,32.000,8000,1000,1000
1000,connected,2,0.300,3.600,1.100,4.600,10.500,11.869,30.700,8000,1000,1000
1000,connected,3,0.300,3.700,1.100,4.500,10.200,11.920,31.300,8000,1000,1000
1000,connected,4,0.300,3.600,1.100,4.500,10.500,11.894,30.800,8000,1000,1000
10000,disconnected,0,23.400,0.100,0.100,0.500,81.000,11.941,585.800,80000,10000,1
10000,disconnected,1,27.200,0.000,0.000,0.400,79.600,12.033,555.800,80000,10000,1
10000,disconnected,2,19.400,0.100,0.000,0.400,76.000,11.938,544.600,80000,10000,1
10000,disconnected,3,19.300,0.000,0.000,0.400,75.200,11.946,590.700,80000,10000,1
10000,disconnected,4,17.700,0.100,0.000,0.400,72.000,12.006,537.200,80000,10000,1
10000,single_snap,0,18.400,0.100,0.000,0.400,23.800,11.949,7.400,80000,1,2
10000,single_snap,1,23.900,0.000,0.000,0.500,22.800,11.951,6.900,80000,1,2
10000,single_snap,2,21.600,0.100,0.000,0.400,22.600,11.966,12.100,80000,1,2
10000,single_snap,3,22.300,0.100,0.000,0.600,26.400,12.117,6.300,80000,1,2
10000,single_snap,4,18.800,0.100,0.000,0.400,20.100,12.018,5.000,80000,1,2
10000,closure,0,19.300,0.000,0.100,0.400,18.600,11.992,538.400,80000,1,10000
10000,closure,1,19.100,0.000,0.000,0.400,22.500,11.981,603.500,80000,1,10000
10000,closure,2,17.200,0.100,0.000,0.600,22.000,11.879,515.400,80000,1,10000
10000,closure,3,18.600,0.000,0.000,0.200,20.100,11.822,509.300,80000,1,10000
10000,closure,4,18.900,0.100,0.000,0.400,2.400,11.817,551.800,80000,1,10000
10000,board,0,20.700,0.000,0.000,0.400,58.200,11.843,1296.800,80000,10000,10000
10000,board,1,19.700,0.000,0.100,0.200,56.400,11.857,1302.900,80000,10000,10000
10000,board,2,23.700,0.000,0.100,0.300,55.800,11.846,1323.900,80000,10000,10000
10000,board,3,21.500,0.100,0.000,0.800,56.400,12.016,1295.000,80000,10000,10000
10000,board,4,19.600,0.000,0.000,0.200,54.200,11.785,1296.300,80000,10000,10000
10000,connected,0,19.500,36.000,11.300,44.700,103.100,11.753,295.100,80000,10000,10000
10000,connected,1,17.200,36.000,11.300,44.100,101.900,11.769,296.400,80000,10000,10000
10000,connected,2,19.900,62.500,11.500,51.500,104.300,11.781,294.600,80000,10000,10000
10000,connected,3,18.400,35.700,11.300,44.000,103.700,11.733,298.200,80000,10000,10000
10000,connected,4,20.400,35.800,11.300,44.000,103.400,11.758,296.300,80000,10000,10000
100000,disconnected,0,128.100,0.000,0.000,3.600,719.800,11.770,5455.400,800000,100000,1
100000,disconnected,1,137.700,0.000,0.100,3.800,750.600,11.839,5411.700,800000,100000,1
100000,disconnected,2,124.600,0.100,0.100,3.600,703.000,11.830,5435.900,800000,100000,1
100000,disconnected,3,151.100,0.100,0.100,4.300,669.400,11.867,5607.600,800000,100000,1
100000,disconnected,4,147.200,0.100,0.000,3.800,636.900,11.835,5445.100,800000,100000,1
100000,single_snap,0,151.000,0.000,0.100,4.600,118.500,11.879,23.900,800000,1,2
100000,single_snap,1,108.000,0.100,0.100,4.200,112.000,11.859,21.100,800000,1,2
100000,single_snap,2,116.500,0.300,0.100,5.300,112.700,11.837,21.800,800000,1,2
100000,single_snap,3,106.500,0.100,0.000,4.400,130.500,11.757,20.800,800000,1,2
100000,single_snap,4,109.700,0.500,0.100,5.900,129.600,12.016,29.800,800000,1,2
100000,closure,0,113.100,0.100,0.100,4.800,139.800,11.775,4927.100,800000,1,100000
100000,closure,1,114.400,0.000,0.200,6.100,112.300,11.866,5541.400,800000,1,100000
100000,closure,2,105.400,0.000,0.300,5.000,119.700,11.861,4950.300,800000,1,100000
100000,closure,3,103.600,0.100,0.000,5.300,114.500,11.947,4874.300,800000,1,100000
100000,closure,4,110.500,0.100,0.000,6.000,111.200,11.824,4792.400,800000,1,100000
100000,board,0,160.600,0.100,0.000,5.700,685.000,11.874,13171.900,800000,100000,100000
100000,board,1,129.900,0.100,0.000,5.100,666.600,12.052,13828.100,800000,100000,100000
100000,board,2,124.700,0.000,0.100,6.300,839.000,11.894,14824.500,800000,100000,100000
100000,board,3,111.600,0.000,0.000,6.200,618.600,11.925,13157.200,800000,100000,100000
100000,board,4,116.200,0.000,0.100,6.000,657.000,11.855,13121.000,800000,100000,100000
100000,connected,0,131.700,368.500,113.300,447.800,1256.400,12.059,3016.800,800000,100000,100000
100000,connected,1,115.500,388.700,113.300,461.800,1164.700,11.784,3138.000,800000,100000,100000
100000,connected,2,124.900,359.100,112.600,443.900,1122.500,11.816,3042.200,800000,100000,100000
100000,connected,3,114.100,359.600,113.000,446.000,1135.300,11.773,2962.800,800000,100000,100000
100000,connected,4,108.200,358.900,112.700,445.500,1125.500,11.824,2973.400,800000,100000,100000
1000000,disconnected,0,1064.300,0.100,0.400,152.100,6408.500,11.862,55447.900,8000000,1000000,1
1000000,disconnected,1,1134.500,0.100,0.500,75.800,6482.900,12.184,54094.500,8000000,1000000,1
1000000,disconnected,2,1186.600,0.100,0.200,56.500,6722.600,11.839,54114.800,8000000,1000000,1
1000000,disconnected,3,1268.700,0.100,0.400,84.400,6381.600,11.846,54089.900,8000000,1000000,1
1000000,disconnected,4,1204.700,0.000,0.700,74.000,6162.900,11.725,53093.300,8000000,1000000,1
1000000,single_snap,0,1062.900,0.000,0.100,78.000,1018.300,11.768,353.800,8000000,1,2
1000000,single_snap,1,1237.200,0.100,0.100,93.400,1070.300,11.719,339.800,8000000,1,2
1000000,single_snap,2,948.200,0.000,0.500,86.000,1110.800,11.723,540.700,8000000,1,2
1000000,single_snap,3,986.800,0.100,0.500,95.500,1035.100,11.724,326.600,8000000,1,2
1000000,single_snap,4,1179.100,0.200,0.100,72.300,1005.800,11.703,333.500,8000000,1,2
1000000,closure,0,932.500,0.500,0.100,74.400,1003.500,11.713,46460.700,8000000,1,1000000
1000000,closure,1,959.600,0.100,0.400,95.900,1067.200,11.838,46216.200,8000000,1,1000000
1000000,closure,2,870.500,0.000,0.100,70.000,1162.300,11.702,46378.700,8000000,1,1000000
1000000,closure,3,1119.500,0.100,0.300,69.900,1092.200,11.754,46669.000,8000000,1,1000000
1000000,closure,4,1287.400,0.000,0.700,72.500,1221.000,11.882,54684.300,8000000,1,1000000
1000000,board,0,1229.500,0.000,0.300,96.100,6650.100,11.968,131952.300,8000000,1000000,1000000
1000000,board,1,1538.700,0.500,0.300,68.000,6692.500,11.744,131166.100,8000000,1000000,1000000
1000000,board,2,965.500,0.200,0.100,76.600,6347.200,11.748,131614.300,8000000,1000000,1000000
1000000,board,3,1576.400,0.000,0.900,120.700,6863.500,12.216,131383.400,8000000,1000000,1000000
1000000,board,4,1070.700,0.300,0.100,54.000,6575.600,11.781,130108.100,8000000,1000000,1000000
1000000,connected,0,963.700,4356.400,1159.200,4481.900,11354.600,11.897,30144.600,8000000,1000000,1000000
1000000,connected,1,995.800,4296.900,1130.400,4460.900,11386.700,11.762,30020.600,8000000,1000000,1000000
1000000,connected,2,924.000,4362.800,1158.500,4464.000,11102.800,11.740,29890.100,8000000,1000000,1000000
1000000,connected,3,1342.300,4395.600,1160.000,4493.200,11160.900,11.726,30191.500,8000000,1000000,1000000
1000000,connected,4,1162.000,4367.400,1150.000,4482.400,11694.000,12.159,30354.700,8000000,1000000,1000000
