pieces,members,command,run,release_us,released,component_size
1000,1,group,0,19.100,1,2
1000,1,group,1,0.800,1,2
1000,1,group,2,0.400,1,2
1000,1,group,3,0.400,1,2
1000,1,group,4,0.600,1,2
1000,1,group,5,0.500,1,2
1000,1,group,6,0.400,1,2
1000,1,group,7,0.400,1,2
1000,1,group,8,0.400,1,2
1000,1,group,9,0.400,1,2
1000,1,scalar,0,0.300,1,2
1000,1,scalar,1,0.400,1,2
1000,1,scalar,2,0.300,1,2
1000,1,scalar,3,0.300,1,2
1000,1,scalar,4,0.300,1,2
1000,1,scalar,5,0.300,1,2
1000,1,scalar,6,0.400,1,2
1000,1,scalar,7,0.400,1,2
1000,1,scalar,8,0.300,1,2
1000,1,scalar,9,0.400,1,2
1000,8,group,0,8.500,8,9
1000,8,group,1,1.400,8,9
1000,8,group,2,1.000,8,9
1000,8,group,3,1.000,8,9
1000,8,group,4,1.000,8,9
1000,8,group,5,1.000,8,9
1000,8,group,6,0.900,8,9
1000,8,group,7,1.000,8,9
1000,8,group,8,1.000,8,9
1000,8,group,9,0.900,8,9
1000,8,scalar,0,0.900,8,9
1000,8,scalar,1,0.900,8,9
1000,8,scalar,2,0.900,8,9
1000,8,scalar,3,0.900,8,9
1000,8,scalar,4,0.900,8,9
1000,8,scalar,5,0.900,8,9
1000,8,scalar,6,0.900,8,9
1000,8,scalar,7,0.900,8,9
1000,8,scalar,8,0.900,8,9
1000,8,scalar,9,0.900,8,9
1000,32,group,0,3.200,32,33
1000,32,group,1,2.800,32,33
1000,32,group,2,2.700,32,33
1000,32,group,3,2.400,32,33
1000,32,group,4,2.600,32,33
1000,32,group,5,2.500,32,33
1000,32,group,6,2.400,32,33
1000,32,group,7,2.400,32,33
1000,32,group,8,2.500,32,33
1000,32,group,9,2.400,32,33
1000,32,scalar,0,2.400,32,33
1000,32,scalar,1,2.300,32,33
1000,32,scalar,2,2.400,32,33
1000,32,scalar,3,2.400,32,33
1000,32,scalar,4,2.400,32,33
1000,32,scalar,5,2.500,32,33
1000,32,scalar,6,2.400,32,33
1000,32,scalar,7,2.400,32,33
1000,32,scalar,8,2.400,32,33
1000,32,scalar,9,2.500,32,33
10000,1,group,0,2.800,1,2
10000,1,group,1,1.400,1,2
10000,1,group,2,0.500,1,2
10000,1,group,3,0.700,1,2
10000,1,group,4,0.700,1,2
10000,1,group,5,0.500,1,2
10000,1,group,6,0.600,1,2
10000,1,group,7,0.500,1,2
10000,1,group,8,1.000,1,2
10000,1,group,9,0.600,1,2
10000,1,scalar,0,0.600,1,2
10000,1,scalar,1,0.500,1,2
10000,1,scalar,2,0.500,1,2
10000,1,scalar,3,0.300,1,2
10000,1,scalar,4,0.400,1,2
10000,1,scalar,5,0.600,1,2
10000,1,scalar,6,0.400,1,2
10000,1,scalar,7,0.400,1,2
10000,1,scalar,8,0.400,1,2
10000,1,scalar,9,0.400,1,2
10000,8,group,0,2.900,8,9
10000,8,group,1,1.400,8,9
10000,8,group,2,1.100,8,9
10000,8,group,3,2.300,8,9
10000,8,group,4,1.300,8,9
10000,8,group,5,1.400,8,9
10000,8,group,6,1.100,8,9
10000,8,group,7,1.100,8,9
10000,8,group,8,1.300,8,9
10000,8,group,9,1.100,8,9
10000,8,scalar,0,1.300,8,9
10000,8,scalar,1,1.600,8,9
10000,8,scalar,2,1.000,8,9
10000,8,scalar,3,1.200,8,9
10000,8,scalar,4,1.000,8,9
10000,8,scalar,5,0.900,8,9
10000,8,scalar,6,1.100,8,9
10000,8,scalar,7,1.000,8,9
10000,8,scalar,8,1.000,8,9
10000,8,scalar,9,0.900,8,9
10000,32,group,0,3.100,32,33
10000,32,group,1,2.800,32,33
10000,32,group,2,3.000,32,33
10000,32,group,3,3.000,32,33
10000,32,group,4,2.700,32,33
10000,32,group,5,2.900,32,33
10000,32,group,6,2.800,32,33
10000,32,group,7,2.700,32,33
10000,32,group,8,2.900,32,33
10000,32,group,9,2.800,32,33
10000,32,scalar,0,3.800,32,33
10000,32,scalar,1,2.700,32,33
10000,32,scalar,2,2.800,32,33
10000,32,scalar,3,2.900,32,33
10000,32,scalar,4,2.700,32,33
10000,32,scalar,5,2.700,32,33
10000,32,scalar,6,2.800,32,33
10000,32,scalar,7,2.900,32,33
10000,32,scalar,8,2.600,32,33
10000,32,scalar,9,2.700,32,33
100000,1,group,0,2.500,1,2
100000,1,group,1,2.100,1,2
100000,1,group,2,2.800,1,2
100000,1,group,3,2.500,1,2
100000,1,group,4,2.400,1,2
100000,1,group,5,2.700,1,2
100000,1,group,6,2.400,1,2
100000,1,group,7,2.300,1,2
100000,1,group,8,1.700,1,2
100000,1,group,9,5.200,1,2
100000,1,scalar,0,2.600,1,2
100000,1,scalar,1,1.700,1,2
100000,1,scalar,2,2.400,1,2
100000,1,scalar,3,2.300,1,2
100000,1,scalar,4,3.200,1,2
100000,1,scalar,5,3.000,1,2
100000,1,scalar,6,1.900,1,2
100000,1,scalar,7,2.700,1,2
100000,1,scalar,8,1.700,1,2
100000,1,scalar,9,1.800,1,2
100000,8,group,0,4.900,8,9
100000,8,group,1,4.200,8,9
100000,8,group,2,3.600,8,9
100000,8,group,3,4.800,8,9
100000,8,group,4,3.700,8,9
100000,8,group,5,3.100,8,9
100000,8,group,6,5.000,8,9
100000,8,group,7,3.900,8,9
100000,8,group,8,3.000,8,9
100000,8,group,9,3.000,8,9
100000,8,scalar,0,2.100,8,9
100000,8,scalar,1,1.900,8,9
100000,8,scalar,2,3.600,8,9
100000,8,scalar,3,2.200,8,9
100000,8,scalar,4,2.100,8,9
100000,8,scalar,5,1.800,8,9
100000,8,scalar,6,2.100,8,9
100000,8,scalar,7,3.500,8,9
100000,8,scalar,8,3.000,8,9
100000,8,scalar,9,2.800,8,9
100000,32,group,0,7.400,32,33
100000,32,group,1,6.000,32,33
100000,32,group,2,5.000,32,33
100000,32,group,3,4.500,32,33
100000,32,group,4,4.500,32,33
100000,32,group,5,4.700,32,33
100000,32,group,6,4.500,32,33
100000,32,group,7,4.600,32,33
100000,32,group,8,5.000,32,33
100000,32,group,9,6.500,32,33
100000,32,scalar,0,4.100,32,33
100000,32,scalar,1,5.900,32,33
100000,32,scalar,2,4.900,32,33
100000,32,scalar,3,4.300,32,33
100000,32,scalar,4,3.800,32,33
100000,32,scalar,5,3.900,32,33
100000,32,scalar,6,4.300,32,33
100000,32,scalar,7,5.400,32,33
100000,32,scalar,8,4.400,32,33
100000,32,scalar,9,6.100,32,33
1000000,1,group,0,14.800,1,2
1000000,1,group,1,14.400,1,2
1000000,1,group,2,13.000,1,2
1000000,1,group,3,14.100,1,2
1000000,1,group,4,27.000,1,2
1000000,1,group,5,12.900,1,2
1000000,1,group,6,14.800,1,2
1000000,1,group,7,13.100,1,2
1000000,1,group,8,19.100,1,2
1000000,1,group,9,13.700,1,2
1000000,1,scalar,0,7.400,1,2
1000000,1,scalar,1,7.200,1,2
1000000,1,scalar,2,8.300,1,2
1000000,1,scalar,3,6.900,1,2
1000000,1,scalar,4,7.800,1,2
1000000,1,scalar,5,7.100,1,2
1000000,1,scalar,6,8.200,1,2
1000000,1,scalar,7,6.600,1,2
1000000,1,scalar,8,14.500,1,2
1000000,1,scalar,9,9.300,1,2
1000000,8,group,0,17.600,8,9
1000000,8,group,1,16.200,8,9
1000000,8,group,2,19.200,8,9
1000000,8,group,3,15.700,8,9
1000000,8,group,4,14.700,8,9
1000000,8,group,5,19.300,8,9
1000000,8,group,6,17.200,8,9
1000000,8,group,7,16.200,8,9
1000000,8,group,8,17.700,8,9
1000000,8,group,9,15.000,8,9
1000000,8,scalar,0,8.000,8,9
1000000,8,scalar,1,8.600,8,9
1000000,8,scalar,2,8.300,8,9
1000000,8,scalar,3,8.500,8,9
1000000,8,scalar,4,8.500,8,9
1000000,8,scalar,5,8.200,8,9
1000000,8,scalar,6,7.900,8,9
1000000,8,scalar,7,8.400,8,9
1000000,8,scalar,8,9.600,8,9
1000000,8,scalar,9,8.200,8,9
1000000,32,group,0,35.900,32,33
1000000,32,group,1,24.300,32,33
1000000,32,group,2,18.900,32,33
1000000,32,group,3,22.000,32,33
1000000,32,group,4,17.100,32,33
1000000,32,group,5,21.000,32,33
1000000,32,group,6,16.000,32,33
1000000,32,group,7,26.200,32,33
1000000,32,group,8,19.500,32,33
1000000,32,group,9,18.200,32,33
1000000,32,scalar,0,11.200,32,33
1000000,32,scalar,1,11.100,32,33
1000000,32,scalar,2,11.800,32,33
1000000,32,scalar,3,10.700,32,33
1000000,32,scalar,4,9.700,32,33
1000000,32,scalar,5,18.200,32,33
1000000,32,scalar,6,12.000,32,33
1000000,32,scalar,7,11.500,32,33
1000000,32,scalar,8,11.200,32,33
1000000,32,scalar,9,8.900,32,33
