run_pass,pieces,run,fill_us,receive_us,selection_commit_us,highlight_prepare_us,snapshot_ns,snapshot_copy_us,hashset_clone_us,pointer_down_us,drag_members_and_command_us,grab_ownership_z_us,grab_upload_prepare_us,pointer_ns,release_command_us,release_delta_ownership_snap_us,release_upload_prepare_us,grab_commands,release_commands,mask_bytes,owner_bytes,grab_state_bytes,release_state_bytes,release_ranges
0,1000,0,4.900,3.000,3.800,0.900,7.700,0.200,6.300,4.200,3.900,10.800,2.600,11.624,0.300,62.000,9.300,1,1,128,8128,16000,16000,1
0,1000,1,0.600,0.600,2.400,1.100,7.480,0.100,1.500,0.600,2.200,7.500,6.900,11.649,0.300,56.700,6.200,1,1,128,8128,16000,16000,1
0,1000,2,0.300,0.800,2.800,0.700,7.490,0.200,2.400,0.600,2.200,8.700,2.600,11.650,0.300,56.600,5.900,1,1,128,8128,16000,16000,1
0,1000,3,0.300,0.700,2.800,0.800,7.500,0.200,3.000,1.800,2.200,35.100,2.000,11.611,0.200,53.900,5.700,1,1,128,8128,16000,16000,1
0,1000,4,0.200,0.800,2.800,0.600,7.480,0.300,3.300,0.500,2.100,6.300,1.500,11.666,0.200,54.300,6.000,1,1,128,8128,16000,16000,1
0,10000,0,0.300,1.000,16.800,1.300,7.730,0.600,1.300,0.600,16.500,40.700,29.300,11.666,0.200,457.200,51.100,1,1,1252,81252,160000,160000,1
0,10000,1,0.300,1.400,17.300,0.800,7.510,0.500,1.000,0.600,16.800,46.400,2.300,11.680,0.300,466.600,29.100,1,1,1252,81252,160000,160000,1
0,10000,2,0.300,0.900,24.200,2.300,7.500,0.900,21.400,0.900,16.900,44.500,22.500,11.633,0.300,464.800,39.300,1,1,1252,81252,160000,160000,1
0,10000,3,0.300,1.000,16.800,0.700,7.510,0.600,26.800,0.400,17.000,42.800,22.100,11.637,0.200,460.500,44.200,1,1,1252,81252,160000,160000,1
0,10000,4,0.300,0.900,16.500,0.800,7.480,0.500,1.000,0.700,16.400,83.500,28.200,14.458,0.800,483.100,24.800,1,1,1252,81252,160000,160000,1
0,100000,0,3.100,7.100,194.300,1.000,7.490,1.900,173.500,1.000,270.800,751.800,231.400,11.874,0.700,4638.000,288.800,1,1,12500,812500,1600000,1600000,1
0,100000,1,1.400,4.800,169.300,3.600,7.980,3.300,147.600,0.700,171.800,670.600,197.900,12.005,1.000,4992.700,253.400,1,1,12500,812500,1600000,1600000,1
0,100000,2,0.700,8.100,173.300,1.600,7.520,1.700,97.200,1.000,172.100,739.100,214.800,11.807,0.400,4942.500,256.100,1,1,12500,812500,1600000,1600000,1
0,100000,3,5.300,7.000,176.400,5.900,7.570,7.100,92.200,0.900,173.800,685.000,201.700,11.766,0.800,5772.800,285.400,1,1,12500,812500,1600000,1600000,1
0,100000,4,1.100,5.100,180.900,3.800,7.540,3.500,85.700,0.700,181.700,669.200,183.200,11.718,0.400,4901.800,260.200,1,1,12500,812500,1600000,1600000,1
0,1000000,0,2.200,55.600,1795.700,7.500,7.530,37.000,1412.200,1.100,1795.900,6270.300,1678.000,11.670,1.100,152539.000,2202.100,1,1,125000,8125000,16000000,16000000,1
0,1000000,1,22.200,53.000,1713.400,54.800,7.540,83.700,1417.500,1.100,1827.800,6500.300,1856.500,11.714,0.600,153544.000,2086.600,1,1,125000,8125000,16000000,16000000,1
0,1000000,2,23.700,57.000,1797.900,7.900,7.920,70.400,1453.300,1.200,2984.600,7415.500,1735.300,11.772,1.100,156864.100,2196.300,1,1,125000,8125000,16000000,16000000,1
0,1000000,3,23.000,65.500,1744.800,6.600,7.530,39.700,2365.500,1.700,2265.500,6376.700,1862.700,12.251,1.200,154256.500,2153.600,1,1,125000,8125000,16000000,16000000,1
0,1000000,4,21.400,52.500,1758.100,10.500,7.580,42.700,1515.100,1.100,1825.600,5838.000,1695.900,11.668,0.800,152219.200,2131.300,1,1,125000,8125000,16000000,16000000,1
1,1000,0,1.000,2.700,3.500,0.900,7.460,0.200,3.900,3.600,3.400,10.700,2.700,11.793,0.200,57.600,6.400,1,1,128,8128,16000,16000,1
1,1000,1,0.600,2.800,2.500,0.800,7.460,0.400,3.700,0.900,2.200,7.400,1.300,11.884,0.600,60.200,14.600,1,1,128,8128,16000,16000,1
1,1000,2,0.500,2.000,2.800,1.000,8.830,1.700,4.400,0.300,3.700,15.700,9.400,11.804,0.200,71.500,6.500,1,1,128,8128,16000,16000,1
1,1000,3,0.200,1.800,2.900,1.200,7.470,0.200,2.300,0.300,2.400,7.100,2.500,11.794,0.200,56.500,4.900,1,1,128,8128,16000,16000,1
1,1000,4,0.200,4.600,2.400,0.600,7.460,0.200,3.700,0.300,2.100,6.800,2.700,11.810,0.200,55.100,4.800,1,1,128,8128,16000,16000,1
1,10000,0,0.300,1.100,16.800,0.800,7.490,0.600,1.300,0.300,16.700,45.900,2.300,11.849,0.800,469.500,32.000,1,1,1252,81252,160000,160000,1
1,10000,1,0.300,1.200,16.900,1.500,7.490,0.400,1.100,0.300,16.700,39.300,2.400,12.183,2.700,518.000,39.600,1,1,1252,81252,160000,160000,1
1,10000,2,0.500,1.400,22.800,1.000,7.780,0.800,21.100,0.400,18.600,103.100,24.500,11.872,0.200,472.400,30.300,1,1,1252,81252,160000,160000,1
1,10000,3,0.400,0.900,16.700,0.800,7.490,0.500,19.100,0.400,16.500,87.600,28.800,11.863,0.300,480.200,37.500,1,1,1252,81252,160000,160000,1
1,10000,4,0.300,1.400,16.600,1.000,7.500,0.500,2.200,0.600,16.600,52.000,24.400,12.336,1.700,501.900,27.300,1,1,1252,81252,160000,160000,1
1,100000,0,1.500,4.600,179.100,3.000,7.860,2.400,188.000,0.600,166.500,1015.100,206.200,12.188,0.400,4881.000,256.800,1,1,12500,812500,1600000,1600000,1
1,100000,1,2.900,8.500,172.000,2.300,7.540,2.300,161.900,0.700,172.300,658.600,197.000,11.940,0.500,4862.500,225.100,1,1,12500,812500,1600000,1600000,1
1,100000,2,2.200,3.900,251.600,4.100,8.320,2.800,140.100,0.700,168.600,670.500,194.700,11.885,0.400,4791.100,245.300,1,1,12500,812500,1600000,1600000,1
1,100000,3,3.600,7.700,187.700,5.800,7.940,3.600,139.200,0.800,171.200,592.900,185.500,11.879,0.600,4925.200,251.800,1,1,12500,812500,1600000,1600000,1
1,100000,4,2.700,7.400,169.500,2.400,7.520,2.000,95.400,1.400,173.200,640.400,175.000,11.890,0.300,4646.900,213.500,1,1,12500,812500,1600000,1600000,1
1,1000000,0,2.100,58.500,1716.100,58.200,7.510,72.800,1533.800,1.400,1885.400,7441.300,1811.500,12.604,1.000,160274.500,2273.300,1,1,125000,8125000,16000000,16000000,1
1,1000000,1,24.100,102.900,1789.500,41.900,7.530,84.000,1529.000,1.800,1704.000,7119.600,1837.200,11.918,0.900,156886.100,2171.200,1,1,125000,8125000,16000000,16000000,1
1,1000000,2,2.500,60.000,1854.700,10.600,7.600,43.900,1345.500,0.900,1737.200,6141.800,1669.800,11.933,0.600,153476.500,2105.900,1,1,125000,8125000,16000000,16000000,1
1,1000000,3,3.900,78.300,1745.400,6.400,7.520,40.100,1436.500,1.200,1744.700,7277.400,1701.800,12.161,0.800,159586.700,2223.700,1,1,125000,8125000,16000000,16000000,1
1,1000000,4,2.200,76.700,1822.700,69.200,7.930,105.400,1491.700,0.800,1766.900,6211.700,1703.000,11.972,1.100,153074.200,2133.000,1,1,125000,8125000,16000000,16000000,1
2,1000,0,1.300,3.200,3.700,0.800,7.680,0.200,3.600,6.800,3.700,13.300,2.700,12.302,0.200,62.400,5.800,1,1,128,8128,16000,16000,1
2,1000,1,0.300,0.500,2.700,0.700,8.080,0.300,4.500,0.500,2.600,7.500,1.300,13.041,0.400,60.200,13.800,1,1,128,8128,16000,16000,1
2,1000,2,0.500,0.500,2.800,0.700,7.940,0.200,5.200,0.900,2.500,6.900,1.700,12.272,0.300,64.800,6.300,1,1,128,8128,16000,16000,1
2,1000,3,0.200,0.800,2.600,0.700,7.630,0.200,7.300,0.900,2.200,27.800,2.600,11.777,0.400,55.100,7.400,1,1,128,8128,16000,16000,1
2,1000,4,0.100,0.500,2.600,0.600,7.530,0.100,0.300,0.700,2.500,6.800,5.300,11.673,0.300,55.900,10.300,1,1,128,8128,16000,16000,1
2,10000,0,0.400,1.000,17.000,1.100,7.490,0.600,19.000,0.600,16.500,83.400,28.200,11.676,0.300,473.200,21.200,1,1,1252,81252,160000,160000,1
2,10000,1,0.500,0.900,16.800,0.900,7.490,0.500,1.000,0.900,16.400,38.900,40.100,11.732,0.500,590.000,44.200,1,1,1252,81252,160000,160000,1
2,10000,2,0.300,1.400,16.800,1.200,7.500,0.500,1.100,0.800,16.700,94.800,31.600,11.639,0.200,469.700,41.400,1,1,1252,81252,160000,160000,1
2,10000,3,0.300,0.900,16.500,1.200,7.490,0.500,19.200,0.800,16.400,95.200,19.400,11.652,0.500,480.500,30.800,1,1,1252,81252,160000,160000,1
2,10000,4,0.300,0.900,16.500,0.800,7.500,0.500,2.100,0.500,16.400,47.400,27.300,11.669,0.400,468.900,35.900,1,1,1252,81252,160000,160000,1
2,100000,0,3.200,6.900,193.600,9.100,7.860,3.700,165.900,0.700,187.200,1009.200,203.900,11.687,0.300,5035.200,270.500,1,1,12500,812500,1600000,1600000,1
2,100000,1,3.600,6.900,168.000,3.300,7.500,2.500,154.700,0.800,166.300,755.900,177.600,11.654,0.400,4777.900,251.300,1,1,12500,812500,1600000,1600000,1
2,100000,2,1.600,7.000,169.200,2.600,7.520,3.900,155.800,0.700,165.500,581.700,192.400,11.735,0.500,4629.800,291.500,1,1,12500,812500,1600000,1600000,1
2,100000,3,5.100,8.500,172.100,2.600,7.530,2.700,150.000,0.600,169.700,618.100,175.700,11.694,0.600,4672.100,251.100,1,1,12500,812500,1600000,1600000,1
2,100000,4,2.600,7.000,168.200,2.400,7.520,2.100,179.200,0.800,181.900,800.100,198.800,12.068,1.100,6513.200,258.000,1,1,12500,812500,1600000,1600000,1
2,1000000,0,19.900,66.500,1677.300,54.300,7.490,87.300,1411.900,0.800,1695.200,6030.800,1733.100,11.634,1.000,150873.800,2246.400,1,1,125000,8125000,16000000,16000000,1
2,1000000,1,2.600,75.800,1802.900,11.600,7.560,64.400,1363.100,1.200,1711.100,6402.200,1784.000,11.670,0.900,147634.800,2094.200,1,1,125000,8125000,16000000,16000000,1
2,1000000,2,24.900,65.600,1717.400,12.300,7.530,49.800,1435.400,1.000,1738.000,6354.700,1732.800,11.786,0.800,147962.000,2256.900,1,1,125000,8125000,16000000,16000000,1
2,1000000,3,2.000,57.600,1719.800,7.800,7.500,38.500,1319.400,1.200,1709.700,6335.300,1711.100,11.853,0.900,148438.800,2211.200,1,1,125000,8125000,16000000,16000000,1
2,1000000,4,2.600,62.200,1724.300,5.200,7.510,39.800,1383.800,0.800,1685.900,6480.500,1679.500,11.702,0.700,150811.400,2198.400,1,1,125000,8125000,16000000,16000000,1
