run_pass,pieces,members,command,owner_storage,run,grab_us,grabbed,dirty_members
0,1000,1,scalar,reused,0,0.200,1,1
0,1000,1,scalar,reused,1,0.100,1,1
0,1000,1,scalar,reused,2,0.100,1,1
0,1000,1,scalar,reused,3,0.100,1,1
0,1000,1,scalar,reused,4,0.100,1,1
0,1000,1,scalar,reused,5,0.100,1,1
0,1000,1,scalar,reused,6,0.100,1,1
0,1000,1,scalar,reused,7,0.100,1,1
0,1000,1,scalar,reused,8,0.100,1,1
0,1000,1,scalar,reused,9,0.100,1,1
0,1000,1,scalar,first,0,0.300,1,1
0,1000,1,scalar,first,1,0.300,1,1
0,1000,1,scalar,first,2,0.300,1,1
0,1000,1,scalar,first,3,0.300,1,1
0,1000,1,scalar,first,4,0.400,1,1
0,1000,1,scalar,first,5,0.300,1,1
0,1000,1,scalar,first,6,0.300,1,1
0,1000,1,scalar,first,7,0.300,1,1
0,1000,1,scalar,first,8,0.300,1,1
0,1000,1,scalar,first,9,0.300,1,1
0,1000,1,partial_group,reused,0,4.000,1,1
0,1000,1,partial_group,reused,1,0.200,1,1
0,1000,1,partial_group,reused,2,0.100,1,1
0,1000,1,partial_group,reused,3,0.100,1,1
0,1000,1,partial_group,reused,4,0.100,1,1
0,1000,1,partial_group,reused,5,0.100,1,1
0,1000,1,partial_group,reused,6,0.100,1,1
0,1000,1,partial_group,reused,7,0.100,1,1
0,1000,1,partial_group,reused,8,0.100,1,1
0,1000,1,partial_group,reused,9,0.100,1,1
0,1000,1,partial_group,first,0,0.400,1,1
0,1000,1,partial_group,first,1,0.400,1,1
0,1000,1,partial_group,first,2,0.300,1,1
0,1000,1,partial_group,first,3,0.400,1,1
0,1000,1,partial_group,first,4,0.300,1,1
0,1000,1,partial_group,first,5,0.300,1,1
0,1000,1,partial_group,first,6,0.300,1,1
0,1000,1,partial_group,first,7,0.400,1,1
0,1000,1,partial_group,first,8,0.300,1,1
0,1000,1,partial_group,first,9,0.300,1,1
0,1000,1,full_group,reused,0,0.100,1,1
0,1000,1,full_group,reused,1,0.100,1,1
0,1000,1,full_group,reused,2,0.100,1,1
0,1000,1,full_group,reused,3,0.100,1,1
0,1000,1,full_group,reused,4,0.100,1,1
0,1000,1,full_group,reused,5,0.100,1,1
0,1000,1,full_group,reused,6,0.100,1,1
0,1000,1,full_group,reused,7,0.100,1,1
0,1000,1,full_group,reused,8,0.100,1,1
0,1000,1,full_group,reused,9,0.100,1,1
0,1000,1,full_group,first,0,0.400,1,1
0,1000,1,full_group,first,1,0.400,1,1
0,1000,1,full_group,first,2,0.300,1,1
0,1000,1,full_group,first,3,0.300,1,1
0,1000,1,full_group,first,4,0.500,1,1
0,1000,1,full_group,first,5,0.400,1,1
0,1000,1,full_group,first,6,0.300,1,1
0,1000,1,full_group,first,7,0.400,1,1
0,1000,1,full_group,first,8,0.300,1,1
0,1000,1,full_group,first,9,0.300,1,1
0,1000,8,scalar,reused,0,1.700,8,8
0,1000,8,scalar,reused,1,0.400,8,8
0,1000,8,scalar,reused,2,0.300,8,8
0,1000,8,scalar,reused,3,0.200,8,8
0,1000,8,scalar,reused,4,0.200,8,8
0,1000,8,scalar,reused,5,0.200,8,8
0,1000,8,scalar,reused,6,0.300,8,8
0,1000,8,scalar,reused,7,0.200,8,8
0,1000,8,scalar,reused,8,0.200,8,8
0,1000,8,scalar,reused,9,0.300,8,8
0,1000,8,scalar,first,0,0.500,8,8
0,1000,8,scalar,first,1,0.600,8,8
0,1000,8,scalar,first,2,0.400,8,8
0,1000,8,scalar,first,3,0.400,8,8
0,1000,8,scalar,first,4,0.400,8,8
0,1000,8,scalar,first,5,0.400,8,8
0,1000,8,scalar,first,6,0.400,8,8
0,1000,8,scalar,first,7,0.400,8,8
0,1000,8,scalar,first,8,0.500,8,8
0,1000,8,scalar,first,9,0.500,8,8
0,1000,8,partial_group,reused,0,1.500,8,8
0,1000,8,partial_group,reused,1,0.400,8,8
0,1000,8,partial_group,reused,2,0.300,8,8
0,1000,8,partial_group,reused,3,0.300,8,8
0,1000,8,partial_group,reused,4,0.300,8,8
0,1000,8,partial_group,reused,5,0.300,8,8
0,1000,8,partial_group,reused,6,0.300,8,8
0,1000,8,partial_group,reused,7,0.300,8,8
0,1000,8,partial_group,reused,8,0.300,8,8
0,1000,8,partial_group,reused,9,0.300,8,8
0,1000,8,partial_group,first,0,0.600,8,8
0,1000,8,partial_group,first,1,0.600,8,8
0,1000,8,partial_group,first,2,0.500,8,8
0,1000,8,partial_group,first,3,0.500,8,8
0,1000,8,partial_group,first,4,0.500,8,8
0,1000,8,partial_group,first,5,0.500,8,8
0,1000,8,partial_group,first,6,0.500,8,8
0,1000,8,partial_group,first,7,0.500,8,8
0,1000,8,partial_group,first,8,0.500,8,8
0,1000,8,partial_group,first,9,0.500,8,8
0,1000,8,full_group,reused,0,0.400,8,8
0,1000,8,full_group,reused,1,0.300,8,8
0,1000,8,full_group,reused,2,0.300,8,8
0,1000,8,full_group,reused,3,0.300,8,8
0,1000,8,full_group,reused,4,0.300,8,8
0,1000,8,full_group,reused,5,0.300,8,8
0,1000,8,full_group,reused,6,0.300,8,8
0,1000,8,full_group,reused,7,0.300,8,8
0,1000,8,full_group,reused,8,0.300,8,8
0,1000,8,full_group,reused,9,0.300,8,8
0,1000,8,full_group,first,0,0.600,8,8
0,1000,8,full_group,first,1,0.500,8,8
0,1000,8,full_group,first,2,0.500,8,8
0,1000,8,full_group,first,3,0.500,8,8
0,1000,8,full_group,first,4,0.500,8,8
0,1000,8,full_group,first,5,0.500,8,8
0,1000,8,full_group,first,6,0.500,8,8
0,1000,8,full_group,first,7,0.600,8,8
0,1000,8,full_group,first,8,0.500,8,8
0,1000,8,full_group,first,9,0.500,8,8
0,1000,32,scalar,reused,0,9.100,32,32
0,1000,32,scalar,reused,1,1.200,32,32
0,1000,32,scalar,reused,2,1.000,32,32
0,1000,32,scalar,reused,3,1.000,32,32
0,1000,32,scalar,reused,4,1.000,32,32
0,1000,32,scalar,reused,5,1.000,32,32
0,1000,32,scalar,reused,6,1.000,32,32
0,1000,32,scalar,reused,7,1.000,32,32
0,1000,32,scalar,reused,8,1.000,32,32
0,1000,32,scalar,reused,9,1.000,32,32
0,1000,32,scalar,first,0,1.300,32,32
0,1000,32,scalar,first,1,1.200,32,32
0,1000,32,scalar,first,2,1.500,32,32
0,1000,32,scalar,first,3,1.200,32,32
0,1000,32,scalar,first,4,1.200,32,32
0,1000,32,scalar,first,5,1.200,32,32
0,1000,32,scalar,first,6,1.200,32,32
0,1000,32,scalar,first,7,1.200,32,32
0,1000,32,scalar,first,8,1.300,32,32
0,1000,32,scalar,first,9,1.200,32,32
0,1000,32,partial_group,reused,0,1.200,32,32
0,1000,32,partial_group,reused,1,1.100,32,32
0,1000,32,partial_group,reused,2,1.100,32,32
0,1000,32,partial_group,reused,3,1.000,32,32
0,1000,32,partial_group,reused,4,1.000,32,32
0,1000,32,partial_group,reused,5,1.000,32,32
0,1000,32,partial_group,reused,6,1.100,32,32
0,1000,32,partial_group,reused,7,1.000,32,32
0,1000,32,partial_group,reused,8,1.000,32,32
0,1000,32,partial_group,reused,9,1.000,32,32
0,1000,32,partial_group,first,0,1.400,32,32
0,1000,32,partial_group,first,1,1.300,32,32
0,1000,32,partial_group,first,2,1.300,32,32
0,1000,32,partial_group,first,3,1.300,32,32
0,1000,32,partial_group,first,4,1.200,32,32
0,1000,32,partial_group,first,5,1.300,32,32
0,1000,32,partial_group,first,6,1.300,32,32
0,1000,32,partial_group,first,7,1.300,32,32
0,1000,32,partial_group,first,8,1.300,32,32
0,1000,32,partial_group,first,9,1.200,32,32
0,1000,32,full_group,reused,0,1.200,32,32
0,1000,32,full_group,reused,1,1.200,32,32
0,1000,32,full_group,reused,2,1.100,32,32
0,1000,32,full_group,reused,3,1.200,32,32
0,1000,32,full_group,reused,4,1.000,32,32
0,1000,32,full_group,reused,5,1.100,32,32
0,1000,32,full_group,reused,6,1.100,32,32
0,1000,32,full_group,reused,7,1.100,32,32
0,1000,32,full_group,reused,8,1.100,32,32
0,1000,32,full_group,reused,9,1.100,32,32
0,1000,32,full_group,first,0,1.400,32,32
0,1000,32,full_group,first,1,1.300,32,32
0,1000,32,full_group,first,2,1.400,32,32
0,1000,32,full_group,first,3,1.300,32,32
0,1000,32,full_group,first,4,1.400,32,32
0,1000,32,full_group,first,5,1.300,32,32
0,1000,32,full_group,first,6,1.300,32,32
0,1000,32,full_group,first,7,1.300,32,32
0,1000,32,full_group,first,8,1.300,32,32
0,1000,32,full_group,first,9,1.300,32,32
0,10000,1,scalar,reused,0,0.100,1,1
0,10000,1,scalar,reused,1,0.100,1,1
0,10000,1,scalar,reused,2,0.100,1,1
0,10000,1,scalar,reused,3,0.100,1,1
0,10000,1,scalar,reused,4,0.100,1,1
0,10000,1,scalar,reused,5,0.100,1,1
0,10000,1,scalar,reused,6,0.100,1,1
0,10000,1,scalar,reused,7,0.100,1,1
0,10000,1,scalar,reused,8,0.100,1,1
0,10000,1,scalar,reused,9,0.100,1,1
0,10000,1,scalar,first,0,1.000,1,1
0,10000,1,scalar,first,1,1.000,1,1
0,10000,1,scalar,first,2,1.000,1,1
0,10000,1,scalar,first,3,1.000,1,1
0,10000,1,scalar,first,4,1.000,1,1
0,10000,1,scalar,first,5,2.100,1,1
0,10000,1,scalar,first,6,1.200,1,1
0,10000,1,scalar,first,7,1.200,1,1
0,10000,1,scalar,first,8,1.600,1,1
0,10000,1,scalar,first,9,2.600,1,1
0,10000,1,partial_group,reused,0,1.200,1,1
0,10000,1,partial_group,reused,1,0.700,1,1
0,10000,1,partial_group,reused,2,0.500,1,1
0,10000,1,partial_group,reused,3,0.700,1,1
0,10000,1,partial_group,reused,4,0.700,1,1
0,10000,1,partial_group,reused,5,1.100,1,1
0,10000,1,partial_group,reused,6,0.400,1,1
0,10000,1,partial_group,reused,7,0.300,1,1
0,10000,1,partial_group,reused,8,0.300,1,1
0,10000,1,partial_group,reused,9,0.600,1,1
0,10000,1,partial_group,first,0,10.700,1,1
0,10000,1,partial_group,first,1,1.300,1,1
0,10000,1,partial_group,first,2,1.300,1,1
0,10000,1,partial_group,first,3,10.400,1,1
0,10000,1,partial_group,first,4,1.400,1,1
0,10000,1,partial_group,first,5,1.400,1,1
0,10000,1,partial_group,first,6,11.300,1,1
0,10000,1,partial_group,first,7,1.200,1,1
0,10000,1,partial_group,first,8,3.300,1,1
0,10000,1,partial_group,first,9,11.200,1,1
0,10000,1,full_group,reused,0,0.400,1,1
0,10000,1,full_group,reused,1,0.300,1,1
0,10000,1,full_group,reused,2,0.400,1,1
0,10000,1,full_group,reused,3,0.500,1,1
0,10000,1,full_group,reused,4,0.400,1,1
0,10000,1,full_group,reused,5,0.300,1,1
0,10000,1,full_group,reused,6,0.900,1,1
0,10000,1,full_group,reused,7,0.500,1,1
0,10000,1,full_group,reused,8,0.500,1,1
0,10000,1,full_group,reused,9,0.500,1,1
0,10000,1,full_group,first,0,2.400,1,1
0,10000,1,full_group,first,1,11.900,1,1
0,10000,1,full_group,first,2,1.300,1,1
0,10000,1,full_group,first,3,1.300,1,1
0,10000,1,full_group,first,4,16.200,1,1
0,10000,1,full_group,first,5,1.200,1,1
0,10000,1,full_group,first,6,3.300,1,1
0,10000,1,full_group,first,7,11.700,1,1
0,10000,1,full_group,first,8,1.300,1,1
0,10000,1,full_group,first,9,1.400,1,1
0,10000,8,scalar,reused,0,1.000,8,8
0,10000,8,scalar,reused,1,0.700,8,8
0,10000,8,scalar,reused,2,0.300,8,8
0,10000,8,scalar,reused,3,0.400,8,8
0,10000,8,scalar,reused,4,0.300,8,8
0,10000,8,scalar,reused,5,0.300,8,8
0,10000,8,scalar,reused,6,0.300,8,8
0,10000,8,scalar,reused,7,0.300,8,8
0,10000,8,scalar,reused,8,0.300,8,8
0,10000,8,scalar,reused,9,0.400,8,8
0,10000,8,scalar,first,0,1.800,8,8
0,10000,8,scalar,first,1,1.300,8,8
0,10000,8,scalar,first,2,1.600,8,8
0,10000,8,scalar,first,3,1.200,8,8
0,10000,8,scalar,first,4,1.500,8,8
0,10000,8,scalar,first,5,1.200,8,8
0,10000,8,scalar,first,6,1.300,8,8
0,10000,8,scalar,first,7,1.300,8,8
0,10000,8,scalar,first,8,1.100,8,8
0,10000,8,scalar,first,9,1.200,8,8
0,10000,8,partial_group,reused,0,1.200,8,8
0,10000,8,partial_group,reused,1,0.500,8,8
0,10000,8,partial_group,reused,2,1.800,8,8
0,10000,8,partial_group,reused,3,0.700,8,8
0,10000,8,partial_group,reused,4,0.700,8,8
0,10000,8,partial_group,reused,5,0.600,8,8
0,10000,8,partial_group,reused,6,0.600,8,8
0,10000,8,partial_group,reused,7,0.500,8,8
0,10000,8,partial_group,reused,8,0.600,8,8
0,10000,8,partial_group,reused,9,0.700,8,8
0,10000,8,partial_group,first,0,1.700,8,8
0,10000,8,partial_group,first,1,19.200,8,8
0,10000,8,partial_group,first,2,1.500,8,8
0,10000,8,partial_group,first,3,1.900,8,8
0,10000,8,partial_group,first,4,17.100,8,8
0,10000,8,partial_group,first,5,1.500,8,8
0,10000,8,partial_group,first,6,4.200,8,8
0,10000,8,partial_group,first,7,16.900,8,8
0,10000,8,partial_group,first,8,1.600,8,8
0,10000,8,partial_group,first,9,1.600,8,8
0,10000,8,full_group,reused,0,0.700,8,8
0,10000,8,full_group,reused,1,0.700,8,8
0,10000,8,full_group,reused,2,1.000,8,8
0,10000,8,full_group,reused,3,0.600,8,8
0,10000,8,full_group,reused,4,0.700,8,8
0,10000,8,full_group,reused,5,1.800,8,8
0,10000,8,full_group,reused,6,0.900,8,8
0,10000,8,full_group,reused,7,0.600,8,8
0,10000,8,full_group,reused,8,0.600,8,8
0,10000,8,full_group,reused,9,0.500,8,8
0,10000,8,full_group,first,0,1.700,8,8
0,10000,8,full_group,first,1,2.300,8,8
0,10000,8,full_group,first,2,29.500,8,8
0,10000,8,full_group,first,3,1.600,8,8
0,10000,8,full_group,first,4,4.300,8,8
0,10000,8,full_group,first,5,28.700,8,8
0,10000,8,full_group,first,6,1.600,8,8
0,10000,8,full_group,first,7,2.000,8,8
0,10000,8,full_group,first,8,20.500,8,8
0,10000,8,full_group,first,9,1.600,8,8
0,10000,32,scalar,reused,0,4.100,32,32
0,10000,32,scalar,reused,1,1.800,32,32
0,10000,32,scalar,reused,2,1.300,32,32
0,10000,32,scalar,reused,3,1.200,32,32
0,10000,32,scalar,reused,4,1.100,32,32
0,10000,32,scalar,reused,5,1.500,32,32
0,10000,32,scalar,reused,6,1.100,32,32
0,10000,32,scalar,reused,7,1.100,32,32
0,10000,32,scalar,reused,8,3.200,32,32
0,10000,32,scalar,reused,9,1.300,32,32
0,10000,32,scalar,first,0,3.000,32,32
0,10000,32,scalar,first,1,2.900,32,32
0,10000,32,scalar,first,2,3.000,32,32
0,10000,32,scalar,first,3,3.200,32,32
0,10000,32,scalar,first,4,3.200,32,32
0,10000,32,scalar,first,5,5.800,32,32
0,10000,32,scalar,first,6,3.200,32,32
0,10000,32,scalar,first,7,3.300,32,32
0,10000,32,scalar,first,8,2.800,32,32
0,10000,32,scalar,first,9,3.400,32,32
0,10000,32,partial_group,reused,0,2.100,32,32
0,10000,32,partial_group,reused,1,1.500,32,32
0,10000,32,partial_group,reused,2,1.400,32,32
0,10000,32,partial_group,reused,3,1.700,32,32
0,10000,32,partial_group,reused,4,1.500,32,32
0,10000,32,partial_group,reused,5,1.300,32,32
0,10000,32,partial_group,reused,6,1.300,32,32
0,10000,32,partial_group,reused,7,1.300,32,32
0,10000,32,partial_group,reused,8,1.200,32,32
0,10000,32,partial_group,reused,9,1.200,32,32
0,10000,32,partial_group,first,0,17.200,32,32
0,10000,32,partial_group,first,1,2.200,32,32
0,10000,32,partial_group,first,2,2.800,32,32
0,10000,32,partial_group,first,3,16.700,32,32
0,10000,32,partial_group,first,4,2.200,32,32
0,10000,32,partial_group,first,5,2.300,32,32
0,10000,32,partial_group,first,6,17.200,32,32
0,10000,32,partial_group,first,7,2.300,32,32
0,10000,32,partial_group,first,8,2.400,32,32
0,10000,32,partial_group,first,9,40.000,32,32
0,10000,32,full_group,reused,0,2.000,32,32
0,10000,32,full_group,reused,1,1.500,32,32
0,10000,32,full_group,reused,2,1.300,32,32
0,10000,32,full_group,reused,3,1.400,32,32
0,10000,32,full_group,reused,4,1.400,32,32
0,10000,32,full_group,reused,5,1.400,32,32
0,10000,32,full_group,reused,6,1.300,32,32
0,10000,32,full_group,reused,7,1.300,32,32
0,10000,32,full_group,reused,8,3.200,32,32
0,10000,32,full_group,reused,9,1.600,32,32
0,10000,32,full_group,first,0,2.500,32,32
0,10000,32,full_group,first,1,2.400,32,32
0,10000,32,full_group,first,2,2.300,32,32
0,10000,32,full_group,first,3,2.400,32,32
0,10000,32,full_group,first,4,19.900,32,32
0,10000,32,full_group,first,5,2.200,32,32
0,10000,32,full_group,first,6,2.200,32,32
0,10000,32,full_group,first,7,2.300,32,32
0,10000,32,full_group,first,8,2.700,32,32
0,10000,32,full_group,first,9,16.900,32,32
0,100000,1,scalar,reused,0,0.300,1,1
0,100000,1,scalar,reused,1,0.200,1,1
0,100000,1,scalar,reused,2,0.300,1,1
0,100000,1,scalar,reused,3,0.300,1,1
0,100000,1,scalar,reused,4,0.300,1,1
0,100000,1,scalar,reused,5,0.200,1,1
0,100000,1,scalar,reused,6,0.100,1,1
0,100000,1,scalar,reused,7,0.300,1,1
0,100000,1,scalar,reused,8,0.200,1,1
0,100000,1,scalar,reused,9,0.200,1,1
0,100000,1,scalar,first,0,84.700,1,1
0,100000,1,scalar,first,1,102.800,1,1
0,100000,1,scalar,first,2,86.100,1,1
0,100000,1,scalar,first,3,83.300,1,1
0,100000,1,scalar,first,4,76.300,1,1
0,100000,1,scalar,first,5,85.100,1,1
0,100000,1,scalar,first,6,81.600,1,1
0,100000,1,scalar,first,7,88.400,1,1
0,100000,1,scalar,first,8,84.600,1,1
0,100000,1,scalar,first,9,78.400,1,1
0,100000,1,partial_group,reused,0,2.400,1,1
0,100000,1,partial_group,reused,1,2.400,1,1
0,100000,1,partial_group,reused,2,2.200,1,1
0,100000,1,partial_group,reused,3,2.200,1,1
0,100000,1,partial_group,reused,4,2.200,1,1
0,100000,1,partial_group,reused,5,1.900,1,1
0,100000,1,partial_group,reused,6,2.100,1,1
0,100000,1,partial_group,reused,7,2.100,1,1
0,100000,1,partial_group,reused,8,1.900,1,1
0,100000,1,partial_group,reused,9,1.900,1,1
0,100000,1,partial_group,first,0,83.300,1,1
0,100000,1,partial_group,first,1,81.400,1,1
0,100000,1,partial_group,first,2,82.300,1,1
0,100000,1,partial_group,first,3,83.400,1,1
0,100000,1,partial_group,first,4,91.300,1,1
0,100000,1,partial_group,first,5,85.200,1,1
0,100000,1,partial_group,first,6,104.300,1,1
0,100000,1,partial_group,first,7,84.300,1,1
0,100000,1,partial_group,first,8,79.700,1,1
0,100000,1,partial_group,first,9,85.700,1,1
0,100000,1,full_group,reused,0,1.900,1,1
0,100000,1,full_group,reused,1,1.900,1,1
0,100000,1,full_group,reused,2,1.800,1,1
0,100000,1,full_group,reused,3,1.700,1,1
0,100000,1,full_group,reused,4,1.700,1,1
0,100000,1,full_group,reused,5,1.900,1,1
0,100000,1,full_group,reused,6,2.900,1,1
0,100000,1,full_group,reused,7,1.700,1,1
0,100000,1,full_group,reused,8,2.000,1,1
0,100000,1,full_group,reused,9,1.700,1,1
0,100000,1,full_group,first,0,83.500,1,1
0,100000,1,full_group,first,1,108.000,1,1
0,100000,1,full_group,first,2,92.200,1,1
0,100000,1,full_group,first,3,98.100,1,1
0,100000,1,full_group,first,4,109.400,1,1
0,100000,1,full_group,first,5,86.700,1,1
0,100000,1,full_group,first,6,111.900,1,1
0,100000,1,full_group,first,7,109.900,1,1
0,100000,1,full_group,first,8,89.500,1,1
0,100000,1,full_group,first,9,98.700,1,1
0,100000,8,scalar,reused,0,0.900,8,8
0,100000,8,scalar,reused,1,1.100,8,8
0,100000,8,scalar,reused,2,1.000,8,8
0,100000,8,scalar,reused,3,0.700,8,8
0,100000,8,scalar,reused,4,0.600,8,8
0,100000,8,scalar,reused,5,0.500,8,8
0,100000,8,scalar,reused,6,0.500,8,8
0,100000,8,scalar,reused,7,0.500,8,8
0,100000,8,scalar,reused,8,0.600,8,8
0,100000,8,scalar,reused,9,0.400,8,8
0,100000,8,scalar,first,0,85.600,8,8
0,100000,8,scalar,first,1,85.400,8,8
0,100000,8,scalar,first,2,77.700,8,8
0,100000,8,scalar,first,3,78.700,8,8
0,100000,8,scalar,first,4,79.200,8,8
0,100000,8,scalar,first,5,100.700,8,8
0,100000,8,scalar,first,6,99.500,8,8
0,100000,8,scalar,first,7,84.200,8,8
0,100000,8,scalar,first,8,81.000,8,8
0,100000,8,scalar,first,9,79.300,8,8
0,100000,8,partial_group,reused,0,3.100,8,8
0,100000,8,partial_group,reused,1,3.000,8,8
0,100000,8,partial_group,reused,2,3.200,8,8
0,100000,8,partial_group,reused,3,3.400,8,8
0,100000,8,partial_group,reused,4,2.800,8,8
0,100000,8,partial_group,reused,5,2.500,8,8
0,100000,8,partial_group,reused,6,2.300,8,8
0,100000,8,partial_group,reused,7,2.600,8,8
0,100000,8,partial_group,reused,8,2.200,8,8
0,100000,8,partial_group,reused,9,2.200,8,8
0,100000,8,partial_group,first,0,89.300,8,8
0,100000,8,partial_group,first,1,88.200,8,8
0,100000,8,partial_group,first,2,90.500,8,8
0,100000,8,partial_group,first,3,100.000,8,8
0,100000,8,partial_group,first,4,92.200,8,8
0,100000,8,partial_group,first,5,82.000,8,8
0,100000,8,partial_group,first,6,86.300,8,8
0,100000,8,partial_group,first,7,79.200,8,8
0,100000,8,partial_group,first,8,90.700,8,8
0,100000,8,partial_group,first,9,91.900,8,8
0,100000,8,full_group,reused,0,2.400,8,8
0,100000,8,full_group,reused,1,2.700,8,8
0,100000,8,full_group,reused,2,2.500,8,8
0,100000,8,full_group,reused,3,2.100,8,8
0,100000,8,full_group,reused,4,2.500,8,8
0,100000,8,full_group,reused,5,2.000,8,8
0,100000,8,full_group,reused,6,2.100,8,8
0,100000,8,full_group,reused,7,1.900,8,8
0,100000,8,full_group,reused,8,2.400,8,8
0,100000,8,full_group,reused,9,2.200,8,8
0,100000,8,full_group,first,0,91.600,8,8
0,100000,8,full_group,first,1,83.700,8,8
0,100000,8,full_group,first,2,84.200,8,8
0,100000,8,full_group,first,3,84.500,8,8
0,100000,8,full_group,first,4,102.700,8,8
0,100000,8,full_group,first,5,103.700,8,8
0,100000,8,full_group,first,6,105.900,8,8
0,100000,8,full_group,first,7,88.500,8,8
0,100000,8,full_group,first,8,129.000,8,8
0,100000,8,full_group,first,9,96.600,8,8
0,100000,32,scalar,reused,0,6.000,32,32
0,100000,32,scalar,reused,1,5.100,32,32
0,100000,32,scalar,reused,2,2.700,32,32
0,100000,32,scalar,reused,3,2.600,32,32
0,100000,32,scalar,reused,4,5.400,32,32
0,100000,32,scalar,reused,5,3.500,32,32
0,100000,32,scalar,reused,6,3.100,32,32
0,100000,32,scalar,reused,7,4.800,32,32
0,100000,32,scalar,reused,8,2.400,32,32
0,100000,32,scalar,reused,9,2.400,32,32
0,100000,32,scalar,first,0,96.700,32,32
0,100000,32,scalar,first,1,87.500,32,32
0,100000,32,scalar,first,2,114.300,32,32
0,100000,32,scalar,first,3,96.400,32,32
0,100000,32,scalar,first,4,87.000,32,32
0,100000,32,scalar,first,5,92.300,32,32
0,100000,32,scalar,first,6,84.600,32,32
0,100000,32,scalar,first,7,91.900,32,32
0,100000,32,scalar,first,8,87.300,32,32
0,100000,32,scalar,first,9,102.400,32,32
0,100000,32,partial_group,reused,0,5.400,32,32
0,100000,32,partial_group,reused,1,4.300,32,32
0,100000,32,partial_group,reused,2,4.300,32,32
0,100000,32,partial_group,reused,3,6.200,32,32
0,100000,32,partial_group,reused,4,6.400,32,32
0,100000,32,partial_group,reused,5,3.400,32,32
0,100000,32,partial_group,reused,6,3.400,32,32
0,100000,32,partial_group,reused,7,3.400,32,32
0,100000,32,partial_group,reused,8,3.900,32,32
0,100000,32,partial_group,reused,9,5.100,32,32
0,100000,32,partial_group,first,0,90.200,32,32
0,100000,32,partial_group,first,1,94.400,32,32
0,100000,32,partial_group,first,2,82.400,32,32
0,100000,32,partial_group,first,3,95.000,32,32
0,100000,32,partial_group,first,4,93.500,32,32
0,100000,32,partial_group,first,5,83.000,32,32
0,100000,32,partial_group,first,6,82.800,32,32
0,100000,32,partial_group,first,7,82.200,32,32
0,100000,32,partial_group,first,8,83.300,32,32
0,100000,32,partial_group,first,9,89.500,32,32
0,100000,32,full_group,reused,0,5.500,32,32
0,100000,32,full_group,reused,1,3.300,32,32
0,100000,32,full_group,reused,2,3.300,32,32
0,100000,32,full_group,reused,3,3.100,32,32
0,100000,32,full_group,reused,4,5.300,32,32
0,100000,32,full_group,reused,5,5.200,32,32
0,100000,32,full_group,reused,6,5.800,32,32
0,100000,32,full_group,reused,7,5.700,32,32
0,100000,32,full_group,reused,8,5.400,32,32
0,100000,32,full_group,reused,9,5.300,32,32
0,100000,32,full_group,first,0,111.000,32,32
0,100000,32,full_group,first,1,107.500,32,32
0,100000,32,full_group,first,2,92.900,32,32
0,100000,32,full_group,first,3,85.200,32,32
0,100000,32,full_group,first,4,80.500,32,32
0,100000,32,full_group,first,5,82.200,32,32
0,100000,32,full_group,first,6,138.200,32,32
0,100000,32,full_group,first,7,101.700,32,32
0,100000,32,full_group,first,8,107.700,32,32
0,100000,32,full_group,first,9,94.400,32,32
0,1000000,1,scalar,reused,0,0.600,1,1
0,1000000,1,scalar,reused,1,0.600,1,1
0,1000000,1,scalar,reused,2,1.400,1,1
0,1000000,1,scalar,reused,3,0.700,1,1
0,1000000,1,scalar,reused,4,0.900,1,1
0,1000000,1,scalar,reused,5,0.700,1,1
0,1000000,1,scalar,reused,6,1.300,1,1
0,1000000,1,scalar,reused,7,1.500,1,1
0,1000000,1,scalar,reused,8,0.600,1,1
0,1000000,1,scalar,reused,9,0.900,1,1
0,1000000,1,scalar,first,0,795.400,1,1
0,1000000,1,scalar,first,1,777.400,1,1
0,1000000,1,scalar,first,2,802.100,1,1
0,1000000,1,scalar,first,3,851.500,1,1
0,1000000,1,scalar,first,4,753.500,1,1
0,1000000,1,scalar,first,5,774.200,1,1
0,1000000,1,scalar,first,6,758.400,1,1
0,1000000,1,scalar,first,7,855.400,1,1
0,1000000,1,scalar,first,8,743.200,1,1
0,1000000,1,scalar,first,9,767.300,1,1
0,1000000,1,partial_group,reused,0,15.800,1,1
0,1000000,1,partial_group,reused,1,16.400,1,1
0,1000000,1,partial_group,reused,2,16.200,1,1
0,1000000,1,partial_group,reused,3,16.300,1,1
0,1000000,1,partial_group,reused,4,16.200,1,1
0,1000000,1,partial_group,reused,5,16.000,1,1
0,1000000,1,partial_group,reused,6,16.100,1,1
0,1000000,1,partial_group,reused,7,15.600,1,1
0,1000000,1,partial_group,reused,8,15.800,1,1
0,1000000,1,partial_group,reused,9,15.100,1,1
0,1000000,1,partial_group,first,0,1001.400,1,1
0,1000000,1,partial_group,first,1,876.800,1,1
0,1000000,1,partial_group,first,2,818.000,1,1
0,1000000,1,partial_group,first,3,810.700,1,1
0,1000000,1,partial_group,first,4,857.800,1,1
0,1000000,1,partial_group,first,5,881.500,1,1
0,1000000,1,partial_group,first,6,975.600,1,1
0,1000000,1,partial_group,first,7,1095.500,1,1
0,1000000,1,partial_group,first,8,899.500,1,1
0,1000000,1,partial_group,first,9,793.800,1,1
0,1000000,1,full_group,reused,0,16.200,1,1
0,1000000,1,full_group,reused,1,15.700,1,1
0,1000000,1,full_group,reused,2,16.400,1,1
0,1000000,1,full_group,reused,3,16.000,1,1
0,1000000,1,full_group,reused,4,15.400,1,1
0,1000000,1,full_group,reused,5,16.800,1,1
0,1000000,1,full_group,reused,6,16.200,1,1
0,1000000,1,full_group,reused,7,16.100,1,1
0,1000000,1,full_group,reused,8,15.800,1,1
0,1000000,1,full_group,reused,9,15.800,1,1
0,1000000,1,full_group,first,0,787.000,1,1
0,1000000,1,full_group,first,1,840.900,1,1
0,1000000,1,full_group,first,2,765.100,1,1
0,1000000,1,full_group,first,3,767.500,1,1
0,1000000,1,full_group,first,4,756.500,1,1
0,1000000,1,full_group,first,5,805.600,1,1
0,1000000,1,full_group,first,6,814.300,1,1
0,1000000,1,full_group,first,7,863.600,1,1
0,1000000,1,full_group,first,8,932.500,1,1
0,1000000,1,full_group,first,9,883.800,1,1
0,1000000,8,scalar,reused,0,2.800,8,8
0,1000000,8,scalar,reused,1,3.500,8,8
0,1000000,8,scalar,reused,2,1.800,8,8
0,1000000,8,scalar,reused,3,2.800,8,8
0,1000000,8,scalar,reused,4,2.700,8,8
0,1000000,8,scalar,reused,5,3.200,8,8
0,1000000,8,scalar,reused,6,2.700,8,8
0,1000000,8,scalar,reused,7,3.400,8,8
0,1000000,8,scalar,reused,8,4.000,8,8
0,1000000,8,scalar,reused,9,3.100,8,8
0,1000000,8,scalar,first,0,869.900,8,8
0,1000000,8,scalar,first,1,1384.500,8,8
0,1000000,8,scalar,first,2,1368.100,8,8
0,1000000,8,scalar,first,3,1174.500,8,8
0,1000000,8,scalar,first,4,1255.100,8,8
0,1000000,8,scalar,first,5,1227.100,8,8
0,1000000,8,scalar,first,6,1362.000,8,8
0,1000000,8,scalar,first,7,1223.900,8,8
0,1000000,8,scalar,first,8,1682.200,8,8
0,1000000,8,scalar,first,9,1427.700,8,8
0,1000000,8,partial_group,reused,0,21.400,8,8
0,1000000,8,partial_group,reused,1,51.100,8,8
0,1000000,8,partial_group,reused,2,17.500,8,8
0,1000000,8,partial_group,reused,3,18.900,8,8
0,1000000,8,partial_group,reused,4,18.500,8,8
0,1000000,8,partial_group,reused,5,17.600,8,8
0,1000000,8,partial_group,reused,6,18.500,8,8
0,1000000,8,partial_group,reused,7,18.400,8,8
0,1000000,8,partial_group,reused,8,18.100,8,8
0,1000000,8,partial_group,reused,9,18.900,8,8
0,1000000,8,partial_group,first,0,1021.300,8,8
0,1000000,8,partial_group,first,1,940.100,8,8
0,1000000,8,partial_group,first,2,903.200,8,8
0,1000000,8,partial_group,first,3,976.800,8,8
0,1000000,8,partial_group,first,4,880.500,8,8
0,1000000,8,partial_group,first,5,932.200,8,8
0,1000000,8,partial_group,first,6,939.200,8,8
0,1000000,8,partial_group,first,7,873.700,8,8
0,1000000,8,partial_group,first,8,931.800,8,8
0,1000000,8,partial_group,first,9,979.800,8,8
0,1000000,8,full_group,reused,0,17.800,8,8
0,1000000,8,full_group,reused,1,18.500,8,8
0,1000000,8,full_group,reused,2,29.100,8,8
0,1000000,8,full_group,reused,3,17.900,8,8
0,1000000,8,full_group,reused,4,30.200,8,8
0,1000000,8,full_group,reused,5,22.800,8,8
0,1000000,8,full_group,reused,6,17.500,8,8
0,1000000,8,full_group,reused,7,17.700,8,8
0,1000000,8,full_group,reused,8,17.400,8,8
0,1000000,8,full_group,reused,9,16.400,8,8
0,1000000,8,full_group,first,0,947.400,8,8
0,1000000,8,full_group,first,1,778.200,8,8
0,1000000,8,full_group,first,2,985.700,8,8
0,1000000,8,full_group,first,3,853.500,8,8
0,1000000,8,full_group,first,4,1061.700,8,8
0,1000000,8,full_group,first,5,943.600,8,8
0,1000000,8,full_group,first,6,789.000,8,8
0,1000000,8,full_group,first,7,891.400,8,8
0,1000000,8,full_group,first,8,829.700,8,8
0,1000000,8,full_group,first,9,894.300,8,8
0,1000000,32,scalar,reused,0,7.100,32,32
0,1000000,32,scalar,reused,1,7.500,32,32
0,1000000,32,scalar,reused,2,8.500,32,32
0,1000000,32,scalar,reused,3,7.300,32,32
0,1000000,32,scalar,reused,4,7.600,32,32
0,1000000,32,scalar,reused,5,4.400,32,32
0,1000000,32,scalar,reused,6,7.700,32,32
0,1000000,32,scalar,reused,7,9.700,32,32
0,1000000,32,scalar,reused,8,8.400,32,32
0,1000000,32,scalar,reused,9,7.500,32,32
0,1000000,32,scalar,first,0,818.800,32,32
0,1000000,32,scalar,first,1,863.800,32,32
0,1000000,32,scalar,first,2,794.900,32,32
0,1000000,32,scalar,first,3,819.800,32,32
0,1000000,32,scalar,first,4,802.800,32,32
0,1000000,32,scalar,first,5,829.400,32,32
0,1000000,32,scalar,first,6,780.800,32,32
0,1000000,32,scalar,first,7,802.000,32,32
0,1000000,32,scalar,first,8,871.500,32,32
0,1000000,32,scalar,first,9,879.900,32,32
0,1000000,32,partial_group,reused,0,24.300,32,32
0,1000000,32,partial_group,reused,1,24.100,32,32
0,1000000,32,partial_group,reused,2,24.700,32,32
0,1000000,32,partial_group,reused,3,23.400,32,32
0,1000000,32,partial_group,reused,4,25.300,32,32
0,1000000,32,partial_group,reused,5,23.700,32,32
0,1000000,32,partial_group,reused,6,23.800,32,32
0,1000000,32,partial_group,reused,7,21.600,32,32
0,1000000,32,partial_group,reused,8,23.400,32,32
0,1000000,32,partial_group,reused,9,23.500,32,32
0,1000000,32,partial_group,first,0,931.900,32,32
0,1000000,32,partial_group,first,1,879.300,32,32
0,1000000,32,partial_group,first,2,959.600,32,32
0,1000000,32,partial_group,first,3,982.400,32,32
0,1000000,32,partial_group,first,4,930.300,32,32
0,1000000,32,partial_group,first,5,941.500,32,32
0,1000000,32,partial_group,first,6,852.700,32,32
0,1000000,32,partial_group,first,7,843.500,32,32
0,1000000,32,partial_group,first,8,862.100,32,32
0,1000000,32,partial_group,first,9,802.900,32,32
0,1000000,32,full_group,reused,0,21.900,32,32
0,1000000,32,full_group,reused,1,22.000,32,32
0,1000000,32,full_group,reused,2,22.000,32,32
0,1000000,32,full_group,reused,3,22.900,32,32
0,1000000,32,full_group,reused,4,23.300,32,32
0,1000000,32,full_group,reused,5,23.400,32,32
0,1000000,32,full_group,reused,6,22.900,32,32
0,1000000,32,full_group,reused,7,21.900,32,32
0,1000000,32,full_group,reused,8,23.100,32,32
0,1000000,32,full_group,reused,9,22.100,32,32
0,1000000,32,full_group,first,0,822.900,32,32
0,1000000,32,full_group,first,1,788.300,32,32
0,1000000,32,full_group,first,2,871.500,32,32
0,1000000,32,full_group,first,3,899.200,32,32
0,1000000,32,full_group,first,4,845.200,32,32
0,1000000,32,full_group,first,5,849.500,32,32
0,1000000,32,full_group,first,6,838.400,32,32
0,1000000,32,full_group,first,7,849.600,32,32
0,1000000,32,full_group,first,8,976.400,32,32
0,1000000,32,full_group,first,9,945.300,32,32
1,1000,1,scalar,reused,0,0.300,1,1
1,1000,1,scalar,reused,1,0.100,1,1
1,1000,1,scalar,reused,2,0.100,1,1
1,1000,1,scalar,reused,3,0.100,1,1
1,1000,1,scalar,reused,4,0.100,1,1
1,1000,1,scalar,reused,5,0.100,1,1
1,1000,1,scalar,reused,6,0.100,1,1
1,1000,1,scalar,reused,7,0.000,1,1
1,1000,1,scalar,reused,8,0.100,1,1
1,1000,1,scalar,reused,9,0.100,1,1
1,1000,1,scalar,first,0,0.400,1,1
1,1000,1,scalar,first,1,0.300,1,1
1,1000,1,scalar,first,2,0.200,1,1
1,1000,1,scalar,first,3,0.300,1,1
1,1000,1,scalar,first,4,0.400,1,1
1,1000,1,scalar,first,5,0.500,1,1
1,1000,1,scalar,first,6,0.400,1,1
1,1000,1,scalar,first,7,0.300,1,1
1,1000,1,scalar,first,8,0.300,1,1
1,1000,1,scalar,first,9,0.400,1,1
1,1000,1,partial_group,reused,0,3.600,1,1
1,1000,1,partial_group,reused,1,0.200,1,1
1,1000,1,partial_group,reused,2,0.100,1,1
1,1000,1,partial_group,reused,3,0.100,1,1
1,1000,1,partial_group,reused,4,0.100,1,1
1,1000,1,partial_group,reused,5,0.100,1,1
1,1000,1,partial_group,reused,6,0.100,1,1
1,1000,1,partial_group,reused,7,0.100,1,1
1,1000,1,partial_group,reused,8,0.100,1,1
1,1000,1,partial_group,reused,9,0.100,1,1
1,1000,1,partial_group,first,0,0.300,1,1
1,1000,1,partial_group,first,1,0.300,1,1
1,1000,1,partial_group,first,2,0.300,1,1
1,1000,1,partial_group,first,3,0.300,1,1
1,1000,1,partial_group,first,4,0.300,1,1
1,1000,1,partial_group,first,5,0.300,1,1
1,1000,1,partial_group,first,6,0.300,1,1
1,1000,1,partial_group,first,7,0.400,1,1
1,1000,1,partial_group,first,8,0.300,1,1
1,1000,1,partial_group,first,9,0.300,1,1
1,1000,1,full_group,reused,0,0.100,1,1
1,1000,1,full_group,reused,1,0.100,1,1
1,1000,1,full_group,reused,2,0.200,1,1
1,1000,1,full_group,reused,3,0.100,1,1
1,1000,1,full_group,reused,4,0.100,1,1
1,1000,1,full_group,reused,5,0.100,1,1
1,1000,1,full_group,reused,6,0.100,1,1
1,1000,1,full_group,reused,7,0.100,1,1
1,1000,1,full_group,reused,8,0.100,1,1
1,1000,1,full_group,reused,9,0.100,1,1
1,1000,1,full_group,first,0,0.300,1,1
1,1000,1,full_group,first,1,0.300,1,1
1,1000,1,full_group,first,2,0.300,1,1
1,1000,1,full_group,first,3,0.300,1,1
1,1000,1,full_group,first,4,0.300,1,1
1,1000,1,full_group,first,5,0.300,1,1
1,1000,1,full_group,first,6,0.400,1,1
1,1000,1,full_group,first,7,0.300,1,1
1,1000,1,full_group,first,8,0.300,1,1
1,1000,1,full_group,first,9,0.300,1,1
1,1000,8,scalar,reused,0,1.700,8,8
1,1000,8,scalar,reused,1,0.400,8,8
1,1000,8,scalar,reused,2,0.200,8,8
1,1000,8,scalar,reused,3,0.200,8,8
1,1000,8,scalar,reused,4,0.300,8,8
1,1000,8,scalar,reused,5,0.300,8,8
1,1000,8,scalar,reused,6,0.300,8,8
1,1000,8,scalar,reused,7,0.300,8,8
1,1000,8,scalar,reused,8,0.300,8,8
1,1000,8,scalar,reused,9,0.300,8,8
1,1000,8,scalar,first,0,0.600,8,8
1,1000,8,scalar,first,1,0.500,8,8
1,1000,8,scalar,first,2,0.400,8,8
1,1000,8,scalar,first,3,0.400,8,8
1,1000,8,scalar,first,4,0.400,8,8
1,1000,8,scalar,first,5,0.500,8,8
1,1000,8,scalar,first,6,0.400,8,8
1,1000,8,scalar,first,7,0.400,8,8
1,1000,8,scalar,first,8,0.500,8,8
1,1000,8,scalar,first,9,0.500,8,8
1,1000,8,partial_group,reused,0,1.700,8,8
1,1000,8,partial_group,reused,1,0.300,8,8
1,1000,8,partial_group,reused,2,0.300,8,8
1,1000,8,partial_group,reused,3,0.300,8,8
1,1000,8,partial_group,reused,4,0.300,8,8
1,1000,8,partial_group,reused,5,0.300,8,8
1,1000,8,partial_group,reused,6,0.300,8,8
1,1000,8,partial_group,reused,7,0.300,8,8
1,1000,8,partial_group,reused,8,0.300,8,8
1,1000,8,partial_group,reused,9,0.200,8,8
1,1000,8,partial_group,first,0,2.400,8,8
1,1000,8,partial_group,first,1,2.000,8,8
1,1000,8,partial_group,first,2,0.800,8,8
1,1000,8,partial_group,first,3,0.600,8,8
1,1000,8,partial_group,first,4,0.600,8,8
1,1000,8,partial_group,first,5,0.500,8,8
1,1000,8,partial_group,first,6,0.400,8,8
1,1000,8,partial_group,first,7,0.500,8,8
1,1000,8,partial_group,first,8,0.500,8,8
1,1000,8,partial_group,first,9,0.500,8,8
1,1000,8,full_group,reused,0,0.500,8,8
1,1000,8,full_group,reused,1,0.300,8,8
1,1000,8,full_group,reused,2,0.300,8,8
1,1000,8,full_group,reused,3,0.400,8,8
1,1000,8,full_group,reused,4,0.300,8,8
1,1000,8,full_group,reused,5,0.300,8,8
1,1000,8,full_group,reused,6,0.300,8,8
1,1000,8,full_group,reused,7,0.300,8,8
1,1000,8,full_group,reused,8,0.300,8,8
1,1000,8,full_group,reused,9,0.300,8,8
1,1000,8,full_group,first,0,0.500,8,8
1,1000,8,full_group,first,1,0.500,8,8
1,1000,8,full_group,first,2,0.500,8,8
1,1000,8,full_group,first,3,0.500,8,8
1,1000,8,full_group,first,4,0.500,8,8
1,1000,8,full_group,first,5,0.500,8,8
1,1000,8,full_group,first,6,0.500,8,8
1,1000,8,full_group,first,7,0.600,8,8
1,1000,8,full_group,first,8,0.600,8,8
1,1000,8,full_group,first,9,0.600,8,8
1,1000,32,scalar,reused,0,12.300,32,32
1,1000,32,scalar,reused,1,1.200,32,32
1,1000,32,scalar,reused,2,1.000,32,32
1,1000,32,scalar,reused,3,1.000,32,32
1,1000,32,scalar,reused,4,1.000,32,32
1,1000,32,scalar,reused,5,1.000,32,32
1,1000,32,scalar,reused,6,1.000,32,32
1,1000,32,scalar,reused,7,1.000,32,32
1,1000,32,scalar,reused,8,0.900,32,32
1,1000,32,scalar,reused,9,1.000,32,32
1,1000,32,scalar,first,0,1.300,32,32
1,1000,32,scalar,first,1,1.300,32,32
1,1000,32,scalar,first,2,1.200,32,32
1,1000,32,scalar,first,3,2.400,32,32
1,1000,32,scalar,first,4,1.300,32,32
1,1000,32,scalar,first,5,1.200,32,32
1,1000,32,scalar,first,6,1.200,32,32
1,1000,32,scalar,first,7,1.100,32,32
1,1000,32,scalar,first,8,1.200,32,32
1,1000,32,scalar,first,9,1.200,32,32
1,1000,32,partial_group,reused,0,1.300,32,32
1,1000,32,partial_group,reused,1,1.100,32,32
1,1000,32,partial_group,reused,2,1.000,32,32
1,1000,32,partial_group,reused,3,1.000,32,32
1,1000,32,partial_group,reused,4,1.100,32,32
1,1000,32,partial_group,reused,5,1.000,32,32
1,1000,32,partial_group,reused,6,1.100,32,32
1,1000,32,partial_group,reused,7,1.000,32,32
1,1000,32,partial_group,reused,8,1.000,32,32
1,1000,32,partial_group,reused,9,1.000,32,32
1,1000,32,partial_group,first,0,1.300,32,32
1,1000,32,partial_group,first,1,1.400,32,32
1,1000,32,partial_group,first,2,1.300,32,32
1,1000,32,partial_group,first,3,1.300,32,32
1,1000,32,partial_group,first,4,1.300,32,32
1,1000,32,partial_group,first,5,2.800,32,32
1,1000,32,partial_group,first,6,1.300,32,32
1,1000,32,partial_group,first,7,1.200,32,32
1,1000,32,partial_group,first,8,1.300,32,32
1,1000,32,partial_group,first,9,1.300,32,32
1,1000,32,full_group,reused,0,1.300,32,32
1,1000,32,full_group,reused,1,1.200,32,32
1,1000,32,full_group,reused,2,1.200,32,32
1,1000,32,full_group,reused,3,1.200,32,32
1,1000,32,full_group,reused,4,1.200,32,32
1,1000,32,full_group,reused,5,1.100,32,32
1,1000,32,full_group,reused,6,1.100,32,32
1,1000,32,full_group,reused,7,1.100,32,32
1,1000,32,full_group,reused,8,1.200,32,32
1,1000,32,full_group,reused,9,1.100,32,32
1,1000,32,full_group,first,0,1.400,32,32
1,1000,32,full_group,first,1,1.400,32,32
1,1000,32,full_group,first,2,3.100,32,32
1,1000,32,full_group,first,3,1.400,32,32
1,1000,32,full_group,first,4,1.300,32,32
1,1000,32,full_group,first,5,1.400,32,32
1,1000,32,full_group,first,6,1.400,32,32
1,1000,32,full_group,first,7,1.400,32,32
1,1000,32,full_group,first,8,1.300,32,32
1,1000,32,full_group,first,9,1.300,32,32
1,10000,1,scalar,reused,0,0.200,1,1
1,10000,1,scalar,reused,1,0.000,1,1
1,10000,1,scalar,reused,2,0.300,1,1
1,10000,1,scalar,reused,3,0.100,1,1
1,10000,1,scalar,reused,4,0.100,1,1
1,10000,1,scalar,reused,5,0.100,1,1
1,10000,1,scalar,reused,6,0.100,1,1
1,10000,1,scalar,reused,7,0.100,1,1
1,10000,1,scalar,reused,8,0.100,1,1
1,10000,1,scalar,reused,9,0.100,1,1
1,10000,1,scalar,first,0,9.300,1,1
1,10000,1,scalar,first,1,9.300,1,1
1,10000,1,scalar,first,2,9.000,1,1
1,10000,1,scalar,first,3,9.300,1,1
1,10000,1,scalar,first,4,9.300,1,1
1,10000,1,scalar,first,5,8.700,1,1
1,10000,1,scalar,first,6,8.700,1,1
1,10000,1,scalar,first,7,9.400,1,1
1,10000,1,scalar,first,8,8.600,1,1
1,10000,1,scalar,first,9,9.400,1,1
1,10000,1,partial_group,reused,0,0.500,1,1
1,10000,1,partial_group,reused,1,0.300,1,1
1,10000,1,partial_group,reused,2,0.300,1,1
1,10000,1,partial_group,reused,3,0.300,1,1
1,10000,1,partial_group,reused,4,0.300,1,1
1,10000,1,partial_group,reused,5,0.300,1,1
1,10000,1,partial_group,reused,6,0.300,1,1
1,10000,1,partial_group,reused,7,0.300,1,1
1,10000,1,partial_group,reused,8,0.300,1,1
1,10000,1,partial_group,reused,9,0.300,1,1
1,10000,1,partial_group,first,0,9.300,1,1
1,10000,1,partial_group,first,1,9.400,1,1
1,10000,1,partial_group,first,2,17.100,1,1
1,10000,1,partial_group,first,3,14.900,1,1
1,10000,1,partial_group,first,4,12.800,1,1
1,10000,1,partial_group,first,5,12.100,1,1
1,10000,1,partial_group,first,6,13.000,1,1
1,10000,1,partial_group,first,7,11.500,1,1
1,10000,1,partial_group,first,8,9.600,1,1
1,10000,1,partial_group,first,9,19.300,1,1
1,10000,1,full_group,reused,0,0.400,1,1
1,10000,1,full_group,reused,1,0.300,1,1
1,10000,1,full_group,reused,2,0.600,1,1
1,10000,1,full_group,reused,3,0.400,1,1
1,10000,1,full_group,reused,4,0.300,1,1
1,10000,1,full_group,reused,5,0.300,1,1
1,10000,1,full_group,reused,6,0.300,1,1
1,10000,1,full_group,reused,7,0.600,1,1
1,10000,1,full_group,reused,8,0.400,1,1
1,10000,1,full_group,reused,9,0.400,1,1
1,10000,1,full_group,first,0,9.300,1,1
1,10000,1,full_group,first,1,18.600,1,1
1,10000,1,full_group,first,2,8.900,1,1
1,10000,1,full_group,first,3,11.600,1,1
1,10000,1,full_group,first,4,8.900,1,1
1,10000,1,full_group,first,5,9.300,1,1
1,10000,1,full_group,first,6,8.900,1,1
1,10000,1,full_group,first,7,10.900,1,1
1,10000,1,full_group,first,8,8.800,1,1
1,10000,1,full_group,first,9,9.500,1,1
1,10000,8,scalar,reused,0,0.700,8,8
1,10000,8,scalar,reused,1,0.400,8,8
1,10000,8,scalar,reused,2,0.400,8,8
1,10000,8,scalar,reused,3,0.400,8,8
1,10000,8,scalar,reused,4,0.300,8,8
1,10000,8,scalar,reused,5,0.200,8,8
1,10000,8,scalar,reused,6,0.400,8,8
1,10000,8,scalar,reused,7,0.200,8,8
1,10000,8,scalar,reused,8,0.600,8,8
1,10000,8,scalar,reused,9,0.300,8,8
1,10000,8,scalar,first,0,1.900,8,8
1,10000,8,scalar,first,1,1.700,8,8
1,10000,8,scalar,first,2,1.600,8,8
1,10000,8,scalar,first,3,1.300,8,8
1,10000,8,scalar,first,4,1.600,8,8
1,10000,8,scalar,first,5,1.200,8,8
1,10000,8,scalar,first,6,1.300,8,8
1,10000,8,scalar,first,7,1.200,8,8
1,10000,8,scalar,first,8,1.400,8,8
1,10000,8,scalar,first,9,1.400,8,8
1,10000,8,partial_group,reused,0,1.100,8,8
1,10000,8,partial_group,reused,1,1.800,8,8
1,10000,8,partial_group,reused,2,0.700,8,8
1,10000,8,partial_group,reused,3,0.500,8,8
1,10000,8,partial_group,reused,4,0.500,8,8
1,10000,8,partial_group,reused,5,0.500,8,8
1,10000,8,partial_group,reused,6,0.500,8,8
1,10000,8,partial_group,reused,7,0.500,8,8
1,10000,8,partial_group,reused,8,0.400,8,8
1,10000,8,partial_group,reused,9,0.500,8,8
1,10000,8,partial_group,first,0,1.400,8,8
1,10000,8,partial_group,first,1,9.900,8,8
1,10000,8,partial_group,first,2,1.400,8,8
1,10000,8,partial_group,first,3,1.500,8,8
1,10000,8,partial_group,first,4,15.700,8,8
1,10000,8,partial_group,first,5,1.500,8,8
1,10000,8,partial_group,first,6,1.400,8,8
1,10000,8,partial_group,first,7,8.100,8,8
1,10000,8,partial_group,first,8,1.800,8,8
1,10000,8,partial_group,first,9,1.400,8,8
1,10000,8,full_group,reused,0,0.700,8,8
1,10000,8,full_group,reused,1,0.500,8,8
1,10000,8,full_group,reused,2,0.500,8,8
1,10000,8,full_group,reused,3,0.500,8,8
1,10000,8,full_group,reused,4,0.600,8,8
1,10000,8,full_group,reused,5,0.600,8,8
1,10000,8,full_group,reused,6,0.600,8,8
1,10000,8,full_group,reused,7,0.500,8,8
1,10000,8,full_group,reused,8,0.500,8,8
1,10000,8,full_group,reused,9,0.500,8,8
1,10000,8,full_group,first,0,3.000,8,8
1,10000,8,full_group,first,1,1.800,8,8
1,10000,8,full_group,first,2,8.700,8,8
1,10000,8,full_group,first,3,1.400,8,8
1,10000,8,full_group,first,4,1.400,8,8
1,10000,8,full_group,first,5,9.700,8,8
1,10000,8,full_group,first,6,3.800,8,8
1,10000,8,full_group,first,7,2.400,8,8
1,10000,8,full_group,first,8,13.500,8,8
1,10000,8,full_group,first,9,1.600,8,8
1,10000,32,scalar,reused,0,4.800,32,32
1,10000,32,scalar,reused,1,3.700,32,32
1,10000,32,scalar,reused,2,1.400,32,32
1,10000,32,scalar,reused,3,1.300,32,32
1,10000,32,scalar,reused,4,1.100,32,32
1,10000,32,scalar,reused,5,1.200,32,32
1,10000,32,scalar,reused,6,1.100,32,32
1,10000,32,scalar,reused,7,1.100,32,32
1,10000,32,scalar,reused,8,1.400,32,32
1,10000,32,scalar,reused,9,1.100,32,32
1,10000,32,scalar,first,0,2.200,32,32
1,10000,32,scalar,first,1,2.200,32,32
1,10000,32,scalar,first,2,2.400,32,32
1,10000,32,scalar,first,3,2.300,32,32
1,10000,32,scalar,first,4,2.600,32,32
1,10000,32,scalar,first,5,2.000,32,32
1,10000,32,scalar,first,6,2.700,32,32
1,10000,32,scalar,first,7,2.500,32,32
1,10000,32,scalar,first,8,2.200,32,32
1,10000,32,scalar,first,9,2.100,32,32
1,10000,32,partial_group,reused,0,1.800,32,32
1,10000,32,partial_group,reused,1,1.400,32,32
1,10000,32,partial_group,reused,2,1.400,32,32
1,10000,32,partial_group,reused,3,1.400,32,32
1,10000,32,partial_group,reused,4,3.200,32,32
1,10000,32,partial_group,reused,5,3.000,32,32
1,10000,32,partial_group,reused,6,1.700,32,32
1,10000,32,partial_group,reused,7,3.400,32,32
1,10000,32,partial_group,reused,8,1.600,32,32
1,10000,32,partial_group,reused,9,1.400,32,32
1,10000,32,partial_group,first,0,10.100,32,32
1,10000,32,partial_group,first,1,2.800,32,32
1,10000,32,partial_group,first,2,2.800,32,32
1,10000,32,partial_group,first,3,13.200,32,32
1,10000,32,partial_group,first,4,2.700,32,32
1,10000,32,partial_group,first,5,2.700,32,32
1,10000,32,partial_group,first,6,10.000,32,32
1,10000,32,partial_group,first,7,3.000,32,32
1,10000,32,partial_group,first,8,2.200,32,32
1,10000,32,partial_group,first,9,9.900,32,32
1,10000,32,full_group,reused,0,1.600,32,32
1,10000,32,full_group,reused,1,3.000,32,32
1,10000,32,full_group,reused,2,1.700,32,32
1,10000,32,full_group,reused,3,1.400,32,32
1,10000,32,full_group,reused,4,1.400,32,32
1,10000,32,full_group,reused,5,1.800,32,32
1,10000,32,full_group,reused,6,1.400,32,32
1,10000,32,full_group,reused,7,1.500,32,32
1,10000,32,full_group,reused,8,1.600,32,32
1,10000,32,full_group,reused,9,1.500,32,32
1,10000,32,full_group,first,0,2.600,32,32
1,10000,32,full_group,first,1,14.100,32,32
1,10000,32,full_group,first,2,2.600,32,32
1,10000,32,full_group,first,3,3.900,32,32
1,10000,32,full_group,first,4,24.800,32,32
1,10000,32,full_group,first,5,4.500,32,32
1,10000,32,full_group,first,6,3.900,32,32
1,10000,32,full_group,first,7,25.300,32,32
1,10000,32,full_group,first,8,4.200,32,32
1,10000,32,full_group,first,9,3.000,32,32
1,100000,1,scalar,reused,0,0.400,1,1
1,100000,1,scalar,reused,1,0.200,1,1
1,100000,1,scalar,reused,2,0.400,1,1
1,100000,1,scalar,reused,3,0.600,1,1
1,100000,1,scalar,reused,4,0.300,1,1
1,100000,1,scalar,reused,5,0.200,1,1
1,100000,1,scalar,reused,6,0.300,1,1
1,100000,1,scalar,reused,7,0.200,1,1
1,100000,1,scalar,reused,8,0.300,1,1
1,100000,1,scalar,reused,9,0.300,1,1
1,100000,1,scalar,first,0,86.900,1,1
1,100000,1,scalar,first,1,95.800,1,1
1,100000,1,scalar,first,2,105.200,1,1
1,100000,1,scalar,first,3,139.000,1,1
1,100000,1,scalar,first,4,115.300,1,1
1,100000,1,scalar,first,5,105.500,1,1
1,100000,1,scalar,first,6,91.800,1,1
1,100000,1,scalar,first,7,99.900,1,1
1,100000,1,scalar,first,8,120.300,1,1
1,100000,1,scalar,first,9,168.000,1,1
1,100000,1,partial_group,reused,0,2.900,1,1
1,100000,1,partial_group,reused,1,3.100,1,1
1,100000,1,partial_group,reused,2,2.800,1,1
1,100000,1,partial_group,reused,3,2.900,1,1
1,100000,1,partial_group,reused,4,1.900,1,1
1,100000,1,partial_group,reused,5,2.400,1,1
1,100000,1,partial_group,reused,6,2.600,1,1
1,100000,1,partial_group,reused,7,2.400,1,1
1,100000,1,partial_group,reused,8,2.100,1,1
1,100000,1,partial_group,reused,9,2.300,1,1
1,100000,1,partial_group,first,0,82.100,1,1
1,100000,1,partial_group,first,1,96.700,1,1
1,100000,1,partial_group,first,2,92.300,1,1
1,100000,1,partial_group,first,3,94.400,1,1
1,100000,1,partial_group,first,4,80.200,1,1
1,100000,1,partial_group,first,5,116.300,1,1
1,100000,1,partial_group,first,6,86.600,1,1
1,100000,1,partial_group,first,7,87.500,1,1
1,100000,1,partial_group,first,8,101.400,1,1
1,100000,1,partial_group,first,9,82.300,1,1
1,100000,1,full_group,reused,0,1.900,1,1
1,100000,1,full_group,reused,1,1.900,1,1
1,100000,1,full_group,reused,2,1.800,1,1
1,100000,1,full_group,reused,3,1.800,1,1
1,100000,1,full_group,reused,4,2.200,1,1
1,100000,1,full_group,reused,5,2.000,1,1
1,100000,1,full_group,reused,6,2.000,1,1
1,100000,1,full_group,reused,7,1.800,1,1
1,100000,1,full_group,reused,8,2.000,1,1
1,100000,1,full_group,reused,9,1.700,1,1
1,100000,1,full_group,first,0,83.600,1,1
1,100000,1,full_group,first,1,92.000,1,1
1,100000,1,full_group,first,2,90.100,1,1
1,100000,1,full_group,first,3,103.200,1,1
1,100000,1,full_group,first,4,106.800,1,1
1,100000,1,full_group,first,5,86.300,1,1
1,100000,1,full_group,first,6,80.800,1,1
1,100000,1,full_group,first,7,105.600,1,1
1,100000,1,full_group,first,8,96.200,1,1
1,100000,1,full_group,first,9,86.600,1,1
1,100000,8,scalar,reused,0,1.700,8,8
1,100000,8,scalar,reused,1,0.700,8,8
1,100000,8,scalar,reused,2,0.600,8,8
1,100000,8,scalar,reused,3,0.900,8,8
1,100000,8,scalar,reused,4,0.800,8,8
1,100000,8,scalar,reused,5,0.600,8,8
1,100000,8,scalar,reused,6,0.500,8,8
1,100000,8,scalar,reused,7,0.500,8,8
1,100000,8,scalar,reused,8,0.900,8,8
1,100000,8,scalar,reused,9,0.900,8,8
1,100000,8,scalar,first,0,89.400,8,8
1,100000,8,scalar,first,1,122.600,8,8
1,100000,8,scalar,first,2,126.100,8,8
1,100000,8,scalar,first,3,105.500,8,8
1,100000,8,scalar,first,4,101.200,8,8
1,100000,8,scalar,first,5,105.700,8,8
1,100000,8,scalar,first,6,111.600,8,8
1,100000,8,scalar,first,7,120.400,8,8
1,100000,8,scalar,first,8,101.300,8,8
1,100000,8,scalar,first,9,110.400,8,8
1,100000,8,partial_group,reused,0,3.100,8,8
1,100000,8,partial_group,reused,1,2.800,8,8
1,100000,8,partial_group,reused,2,3.700,8,8
1,100000,8,partial_group,reused,3,4.300,8,8
1,100000,8,partial_group,reused,4,2.500,8,8
1,100000,8,partial_group,reused,5,2.700,8,8
1,100000,8,partial_group,reused,6,3.600,8,8
1,100000,8,partial_group,reused,7,3.500,8,8
1,100000,8,partial_group,reused,8,3.000,8,8
1,100000,8,partial_group,reused,9,2.600,8,8
1,100000,8,partial_group,first,0,102.400,8,8
1,100000,8,partial_group,first,1,102.400,8,8
1,100000,8,partial_group,first,2,98.000,8,8
1,100000,8,partial_group,first,3,91.500,8,8
1,100000,8,partial_group,first,4,92.400,8,8
1,100000,8,partial_group,first,5,100.700,8,8
1,100000,8,partial_group,first,6,92.800,8,8
1,100000,8,partial_group,first,7,98.700,8,8
1,100000,8,partial_group,first,8,92.700,8,8
1,100000,8,partial_group,first,9,91.700,8,8
1,100000,8,full_group,reused,0,2.700,8,8
1,100000,8,full_group,reused,1,2.200,8,8
1,100000,8,full_group,reused,2,2.500,8,8
1,100000,8,full_group,reused,3,2.600,8,8
1,100000,8,full_group,reused,4,2.400,8,8
1,100000,8,full_group,reused,5,2.700,8,8
1,100000,8,full_group,reused,6,2.500,8,8
1,100000,8,full_group,reused,7,2.200,8,8
1,100000,8,full_group,reused,8,2.400,8,8
1,100000,8,full_group,reused,9,2.100,8,8
1,100000,8,full_group,first,0,114.900,8,8
1,100000,8,full_group,first,1,104.700,8,8
1,100000,8,full_group,first,2,90.300,8,8
1,100000,8,full_group,first,3,94.000,8,8
1,100000,8,full_group,first,4,99.700,8,8
1,100000,8,full_group,first,5,92.100,8,8
1,100000,8,full_group,first,6,94.200,8,8
1,100000,8,full_group,first,7,104.900,8,8
1,100000,8,full_group,first,8,14.100,8,8
1,100000,8,full_group,first,9,14.300,8,8
1,100000,32,scalar,reused,0,4.800,32,32
1,100000,32,scalar,reused,1,5.600,32,32
1,100000,32,scalar,reused,2,4.800,32,32
1,100000,32,scalar,reused,3,4.000,32,32
1,100000,32,scalar,reused,4,4.800,32,32
1,100000,32,scalar,reused,5,2.900,32,32
1,100000,32,scalar,reused,6,3.000,32,32
1,100000,32,scalar,reused,7,2.900,32,32
1,100000,32,scalar,reused,8,2.300,32,32
1,100000,32,scalar,reused,9,2.300,32,32
1,100000,32,scalar,first,0,13.200,32,32
1,100000,32,scalar,first,1,11.600,32,32
1,100000,32,scalar,first,2,34.800,32,32
1,100000,32,scalar,first,3,15.200,32,32
1,100000,32,scalar,first,4,123.400,32,32
1,100000,32,scalar,first,5,19.000,32,32
1,100000,32,scalar,first,6,12.800,32,32
1,100000,32,scalar,first,7,11.000,32,32
1,100000,32,scalar,first,8,11.500,32,32
1,100000,32,scalar,first,9,94.500,32,32
1,100000,32,partial_group,reused,0,6.400,32,32
1,100000,32,partial_group,reused,1,4.600,32,32
1,100000,32,partial_group,reused,2,4.300,32,32
1,100000,32,partial_group,reused,3,4.600,32,32
1,100000,32,partial_group,reused,4,9.500,32,32
1,100000,32,partial_group,reused,5,8.000,32,32
1,100000,32,partial_group,reused,6,6.400,32,32
1,100000,32,partial_group,reused,7,10.200,32,32
1,100000,32,partial_group,reused,8,6.400,32,32
1,100000,32,partial_group,reused,9,7.700,32,32
1,100000,32,partial_group,first,0,17.200,32,32
1,100000,32,partial_group,first,1,61.100,32,32
1,100000,32,partial_group,first,2,14.600,32,32
1,100000,32,partial_group,first,3,13.000,32,32
1,100000,32,partial_group,first,4,87.000,32,32
1,100000,32,partial_group,first,5,13.800,32,32
1,100000,32,partial_group,first,6,12.500,32,32
1,100000,32,partial_group,first,7,12.800,32,32
1,100000,32,partial_group,first,8,16.200,32,32
1,100000,32,partial_group,first,9,95.300,32,32
1,100000,32,full_group,reused,0,5.600,32,32
1,100000,32,full_group,reused,1,3.900,32,32
1,100000,32,full_group,reused,2,3.400,32,32
1,100000,32,full_group,reused,3,4.000,32,32
1,100000,32,full_group,reused,4,5.400,32,32
1,100000,32,full_group,reused,5,3.900,32,32
1,100000,32,full_group,reused,6,3.500,32,32
1,100000,32,full_group,reused,7,6.100,32,32
1,100000,32,full_group,reused,8,3.800,32,32
1,100000,32,full_group,reused,9,3.200,32,32
1,100000,32,full_group,first,0,13.300,32,32
1,100000,32,full_group,first,1,13.900,32,32
1,100000,32,full_group,first,2,12.500,32,32
1,100000,32,full_group,first,3,12.500,32,32
1,100000,32,full_group,first,4,79.000,32,32
1,100000,32,full_group,first,5,14.100,32,32
1,100000,32,full_group,first,6,15.100,32,32
1,100000,32,full_group,first,7,13.600,32,32
1,100000,32,full_group,first,8,12.800,32,32
1,100000,32,full_group,first,9,91.400,32,32
1,1000000,1,scalar,reused,0,2.000,1,1
1,1000000,1,scalar,reused,1,1.000,1,1
1,1000000,1,scalar,reused,2,0.600,1,1
1,1000000,1,scalar,reused,3,0.800,1,1
1,1000000,1,scalar,reused,4,0.600,1,1
1,1000000,1,scalar,reused,5,1.400,1,1
1,1000000,1,scalar,reused,6,1.000,1,1
1,1000000,1,scalar,reused,7,0.700,1,1
1,1000000,1,scalar,reused,8,1.700,1,1
1,1000000,1,scalar,reused,9,1.300,1,1
1,1000000,1,scalar,first,0,800.100,1,1
1,1000000,1,scalar,first,1,923.000,1,1
1,1000000,1,scalar,first,2,779.900,1,1
1,1000000,1,scalar,first,3,821.700,1,1
1,1000000,1,scalar,first,4,850.800,1,1
1,1000000,1,scalar,first,5,824.000,1,1
1,1000000,1,scalar,first,6,851.100,1,1
1,1000000,1,scalar,first,7,874.800,1,1
1,1000000,1,scalar,first,8,1114.700,1,1
1,1000000,1,scalar,first,9,1267.400,1,1
1,1000000,1,partial_group,reused,0,18.800,1,1
1,1000000,1,partial_group,reused,1,21.600,1,1
1,1000000,1,partial_group,reused,2,17.900,1,1
1,1000000,1,partial_group,reused,3,16.300,1,1
1,1000000,1,partial_group,reused,4,15.900,1,1
1,1000000,1,partial_group,reused,5,15.800,1,1
1,1000000,1,partial_group,reused,6,15.900,1,1
1,1000000,1,partial_group,reused,7,16.500,1,1
1,1000000,1,partial_group,reused,8,15.800,1,1
1,1000000,1,partial_group,reused,9,16.400,1,1
1,1000000,1,partial_group,first,0,809.500,1,1
1,1000000,1,partial_group,first,1,947.800,1,1
1,1000000,1,partial_group,first,2,946.100,1,1
1,1000000,1,partial_group,first,3,829.200,1,1
1,1000000,1,partial_group,first,4,792.700,1,1
1,1000000,1,partial_group,first,5,757.000,1,1
1,1000000,1,partial_group,first,6,849.500,1,1
1,1000000,1,partial_group,first,7,801.900,1,1
1,1000000,1,partial_group,first,8,789.400,1,1
1,1000000,1,partial_group,first,9,848.700,1,1
1,1000000,1,full_group,reused,0,25.800,1,1
1,1000000,1,full_group,reused,1,15.900,1,1
1,1000000,1,full_group,reused,2,16.700,1,1
1,1000000,1,full_group,reused,3,15.700,1,1
1,1000000,1,full_group,reused,4,17.200,1,1
1,1000000,1,full_group,reused,5,17.300,1,1
1,1000000,1,full_group,reused,6,16.400,1,1
1,1000000,1,full_group,reused,7,16.700,1,1
1,1000000,1,full_group,reused,8,16.900,1,1
1,1000000,1,full_group,reused,9,15.500,1,1
1,1000000,1,full_group,first,0,835.800,1,1
1,1000000,1,full_group,first,1,790.100,1,1
1,1000000,1,full_group,first,2,895.400,1,1
1,1000000,1,full_group,first,3,767.800,1,1
1,1000000,1,full_group,first,4,801.300,1,1
1,1000000,1,full_group,first,5,811.000,1,1
1,1000000,1,full_group,first,6,842.700,1,1
1,1000000,1,full_group,first,7,1120.700,1,1
1,1000000,1,full_group,first,8,941.300,1,1
1,1000000,1,full_group,first,9,977.500,1,1
1,1000000,8,scalar,reused,0,2.500,8,8
1,1000000,8,scalar,reused,1,2.600,8,8
1,1000000,8,scalar,reused,2,2.600,8,8
1,1000000,8,scalar,reused,3,2.300,8,8
1,1000000,8,scalar,reused,4,3.100,8,8
1,1000000,8,scalar,reused,5,2.300,8,8
1,1000000,8,scalar,reused,6,3.800,8,8
1,1000000,8,scalar,reused,7,2.700,8,8
1,1000000,8,scalar,reused,8,2.200,8,8
1,1000000,8,scalar,reused,9,2.100,8,8
1,1000000,8,scalar,first,0,1065.700,8,8
1,1000000,8,scalar,first,1,890.700,8,8
1,1000000,8,scalar,first,2,915.800,8,8
1,1000000,8,scalar,first,3,832.400,8,8
1,1000000,8,scalar,first,4,816.900,8,8
1,1000000,8,scalar,first,5,750.100,8,8
1,1000000,8,scalar,first,6,802.200,8,8
1,1000000,8,scalar,first,7,774.500,8,8
1,1000000,8,scalar,first,8,742.700,8,8
1,1000000,8,scalar,first,9,865.400,8,8
1,1000000,8,partial_group,reused,0,18.500,8,8
1,1000000,8,partial_group,reused,1,18.300,8,8
1,1000000,8,partial_group,reused,2,18.300,8,8
1,1000000,8,partial_group,reused,3,18.700,8,8
1,1000000,8,partial_group,reused,4,19.200,8,8
1,1000000,8,partial_group,reused,5,18.100,8,8
1,1000000,8,partial_group,reused,6,17.900,8,8
1,1000000,8,partial_group,reused,7,17.800,8,8
1,1000000,8,partial_group,reused,8,18.300,8,8
1,1000000,8,partial_group,reused,9,17.200,8,8
1,1000000,8,partial_group,first,0,980.000,8,8
1,1000000,8,partial_group,first,1,1034.200,8,8
1,1000000,8,partial_group,first,2,960.500,8,8
1,1000000,8,partial_group,first,3,892.300,8,8
1,1000000,8,partial_group,first,4,930.100,8,8
1,1000000,8,partial_group,first,5,1001.200,8,8
1,1000000,8,partial_group,first,6,944.500,8,8
1,1000000,8,partial_group,first,7,823.000,8,8
1,1000000,8,partial_group,first,8,826.300,8,8
1,1000000,8,partial_group,first,9,846.600,8,8
1,1000000,8,full_group,reused,0,17.300,8,8
1,1000000,8,full_group,reused,1,17.600,8,8
1,1000000,8,full_group,reused,2,17.400,8,8
1,1000000,8,full_group,reused,3,18.400,8,8
1,1000000,8,full_group,reused,4,17.900,8,8
1,1000000,8,full_group,reused,5,17.300,8,8
1,1000000,8,full_group,reused,6,17.900,8,8
1,1000000,8,full_group,reused,7,18.100,8,8
1,1000000,8,full_group,reused,8,24.700,8,8
1,1000000,8,full_group,reused,9,18.700,8,8
1,1000000,8,full_group,first,0,911.800,8,8
1,1000000,8,full_group,first,1,1122.400,8,8
1,1000000,8,full_group,first,2,829.500,8,8
1,1000000,8,full_group,first,3,904.500,8,8
1,1000000,8,full_group,first,4,832.800,8,8
1,1000000,8,full_group,first,5,882.700,8,8
1,1000000,8,full_group,first,6,844.100,8,8
1,1000000,8,full_group,first,7,826.100,8,8
1,1000000,8,full_group,first,8,831.100,8,8
1,1000000,8,full_group,first,9,902.800,8,8
1,1000000,32,scalar,reused,0,7.800,32,32
1,1000000,32,scalar,reused,1,10.600,32,32
1,1000000,32,scalar,reused,2,9.800,32,32
1,1000000,32,scalar,reused,3,6.900,32,32
1,1000000,32,scalar,reused,4,28.600,32,32
1,1000000,32,scalar,reused,5,6.400,32,32
1,1000000,32,scalar,reused,6,6.700,32,32
1,1000000,32,scalar,reused,7,7.400,32,32
1,1000000,32,scalar,reused,8,7.300,32,32
1,1000000,32,scalar,reused,9,7.400,32,32
1,1000000,32,scalar,first,0,823.100,32,32
1,1000000,32,scalar,first,1,836.700,32,32
1,1000000,32,scalar,first,2,835.100,32,32
1,1000000,32,scalar,first,3,893.500,32,32
1,1000000,32,scalar,first,4,867.900,32,32
1,1000000,32,scalar,first,5,1334.000,32,32
1,1000000,32,scalar,first,6,1232.700,32,32
1,1000000,32,scalar,first,7,1365.500,32,32
1,1000000,32,scalar,first,8,1327.400,32,32
1,1000000,32,scalar,first,9,1350.400,32,32
1,1000000,32,partial_group,reused,0,33.600,32,32
1,1000000,32,partial_group,reused,1,34.800,32,32
1,1000000,32,partial_group,reused,2,35.000,32,32
1,1000000,32,partial_group,reused,3,31.500,32,32
1,1000000,32,partial_group,reused,4,30.100,32,32
1,1000000,32,partial_group,reused,5,31.300,32,32
1,1000000,32,partial_group,reused,6,38.600,32,32
1,1000000,32,partial_group,reused,7,31.100,32,32
1,1000000,32,partial_group,reused,8,24.100,32,32
1,1000000,32,partial_group,reused,9,25.200,32,32
1,1000000,32,partial_group,first,0,907.900,32,32
1,1000000,32,partial_group,first,1,912.100,32,32
1,1000000,32,partial_group,first,2,901.500,32,32
1,1000000,32,partial_group,first,3,845.700,32,32
1,1000000,32,partial_group,first,4,883.800,32,32
1,1000000,32,partial_group,first,5,825.500,32,32
1,1000000,32,partial_group,first,6,791.300,32,32
1,1000000,32,partial_group,first,7,807.500,32,32
1,1000000,32,partial_group,first,8,804.900,32,32
1,1000000,32,partial_group,first,9,779.000,32,32
1,1000000,32,full_group,reused,0,22.100,32,32
1,1000000,32,full_group,reused,1,22.100,32,32
1,1000000,32,full_group,reused,2,22.400,32,32
1,1000000,32,full_group,reused,3,22.800,32,32
1,1000000,32,full_group,reused,4,22.800,32,32
1,1000000,32,full_group,reused,5,24.700,32,32
1,1000000,32,full_group,reused,6,23.700,32,32
1,1000000,32,full_group,reused,7,23.800,32,32
1,1000000,32,full_group,reused,8,24.200,32,32
1,1000000,32,full_group,reused,9,21.900,32,32
1,1000000,32,full_group,first,0,880.900,32,32
1,1000000,32,full_group,first,1,800.800,32,32
1,1000000,32,full_group,first,2,814.300,32,32
1,1000000,32,full_group,first,3,878.700,32,32
1,1000000,32,full_group,first,4,803.500,32,32
1,1000000,32,full_group,first,5,826.000,32,32
1,1000000,32,full_group,first,6,805.600,32,32
1,1000000,32,full_group,first,7,967.100,32,32
1,1000000,32,full_group,first,8,942.500,32,32
1,1000000,32,full_group,first,9,830.100,32,32
2,1000,1,scalar,reused,0,0.300,1,1
2,1000,1,scalar,reused,1,0.100,1,1
2,1000,1,scalar,reused,2,0.100,1,1
2,1000,1,scalar,reused,3,0.100,1,1
2,1000,1,scalar,reused,4,0.100,1,1
2,1000,1,scalar,reused,5,0.100,1,1
2,1000,1,scalar,reused,6,0.100,1,1
2,1000,1,scalar,reused,7,0.100,1,1
2,1000,1,scalar,reused,8,0.100,1,1
2,1000,1,scalar,reused,9,0.100,1,1
2,1000,1,scalar,first,0,0.400,1,1
2,1000,1,scalar,first,1,0.400,1,1
2,1000,1,scalar,first,2,0.400,1,1
2,1000,1,scalar,first,3,0.300,1,1
2,1000,1,scalar,first,4,0.600,1,1
2,1000,1,scalar,first,5,0.300,1,1
2,1000,1,scalar,first,6,0.400,1,1
2,1000,1,scalar,first,7,0.300,1,1
2,1000,1,scalar,first,8,0.300,1,1
2,1000,1,scalar,first,9,0.400,1,1
2,1000,1,partial_group,reused,0,4.800,1,1
2,1000,1,partial_group,reused,1,0.200,1,1
2,1000,1,partial_group,reused,2,0.100,1,1
2,1000,1,partial_group,reused,3,0.100,1,1
2,1000,1,partial_group,reused,4,0.100,1,1
2,1000,1,partial_group,reused,5,0.100,1,1
2,1000,1,partial_group,reused,6,0.100,1,1
2,1000,1,partial_group,reused,7,0.100,1,1
2,1000,1,partial_group,reused,8,0.100,1,1
2,1000,1,partial_group,reused,9,0.100,1,1
2,1000,1,partial_group,first,0,0.400,1,1
2,1000,1,partial_group,first,1,0.400,1,1
2,1000,1,partial_group,first,2,0.300,1,1
2,1000,1,partial_group,first,3,0.300,1,1
2,1000,1,partial_group,first,4,0.300,1,1
2,1000,1,partial_group,first,5,0.400,1,1
2,1000,1,partial_group,first,6,0.300,1,1
2,1000,1,partial_group,first,7,0.300,1,1
2,1000,1,partial_group,first,8,0.300,1,1
2,1000,1,partial_group,first,9,0.400,1,1
2,1000,1,full_group,reused,0,0.100,1,1
2,1000,1,full_group,reused,1,0.100,1,1
2,1000,1,full_group,reused,2,0.100,1,1
2,1000,1,full_group,reused,3,0.100,1,1
2,1000,1,full_group,reused,4,0.100,1,1
2,1000,1,full_group,reused,5,0.100,1,1
2,1000,1,full_group,reused,6,0.100,1,1
2,1000,1,full_group,reused,7,0.100,1,1
2,1000,1,full_group,reused,8,0.200,1,1
2,1000,1,full_group,reused,9,0.100,1,1
2,1000,1,full_group,first,0,0.400,1,1
2,1000,1,full_group,first,1,0.300,1,1
2,1000,1,full_group,first,2,0.300,1,1
2,1000,1,full_group,first,3,0.300,1,1
2,1000,1,full_group,first,4,0.300,1,1
2,1000,1,full_group,first,5,0.300,1,1
2,1000,1,full_group,first,6,0.400,1,1
2,1000,1,full_group,first,7,0.300,1,1
2,1000,1,full_group,first,8,0.300,1,1
2,1000,1,full_group,first,9,0.300,1,1
2,1000,8,scalar,reused,0,2.600,8,8
2,1000,8,scalar,reused,1,0.400,8,8
2,1000,8,scalar,reused,2,0.300,8,8
2,1000,8,scalar,reused,3,0.200,8,8
2,1000,8,scalar,reused,4,0.300,8,8
2,1000,8,scalar,reused,5,0.200,8,8
2,1000,8,scalar,reused,6,0.600,8,8
2,1000,8,scalar,reused,7,0.400,8,8
2,1000,8,scalar,reused,8,0.400,8,8
2,1000,8,scalar,reused,9,0.200,8,8
2,1000,8,scalar,first,0,0.600,8,8
2,1000,8,scalar,first,1,0.600,8,8
2,1000,8,scalar,first,2,0.700,8,8
2,1000,8,scalar,first,3,0.500,8,8
2,1000,8,scalar,first,4,0.500,8,8
2,1000,8,scalar,first,5,0.500,8,8
2,1000,8,scalar,first,6,0.500,8,8
2,1000,8,scalar,first,7,1.700,8,8
2,1000,8,scalar,first,8,1.600,8,8
2,1000,8,scalar,first,9,0.600,8,8
2,1000,8,partial_group,reused,0,3.500,8,8
2,1000,8,partial_group,reused,1,0.400,8,8
2,1000,8,partial_group,reused,2,0.300,8,8
2,1000,8,partial_group,reused,3,0.300,8,8
2,1000,8,partial_group,reused,4,0.200,8,8
2,1000,8,partial_group,reused,5,0.500,8,8
2,1000,8,partial_group,reused,6,0.300,8,8
2,1000,8,partial_group,reused,7,0.300,8,8
2,1000,8,partial_group,reused,8,0.300,8,8
2,1000,8,partial_group,reused,9,0.300,8,8
2,1000,8,partial_group,first,0,0.500,8,8
2,1000,8,partial_group,first,1,0.500,8,8
2,1000,8,partial_group,first,2,0.500,8,8
2,1000,8,partial_group,first,3,0.500,8,8
2,1000,8,partial_group,first,4,0.500,8,8
2,1000,8,partial_group,first,5,0.400,8,8
2,1000,8,partial_group,first,6,0.400,8,8
2,1000,8,partial_group,first,7,0.400,8,8
2,1000,8,partial_group,first,8,0.500,8,8
2,1000,8,partial_group,first,9,0.400,8,8
2,1000,8,full_group,reused,0,0.400,8,8
2,1000,8,full_group,reused,1,0.300,8,8
2,1000,8,full_group,reused,2,0.400,8,8
2,1000,8,full_group,reused,3,0.300,8,8
2,1000,8,full_group,reused,4,0.300,8,8
2,1000,8,full_group,reused,5,0.300,8,8
2,1000,8,full_group,reused,6,0.300,8,8
2,1000,8,full_group,reused,7,0.300,8,8
2,1000,8,full_group,reused,8,0.300,8,8
2,1000,8,full_group,reused,9,0.400,8,8
2,1000,8,full_group,first,0,0.600,8,8
2,1000,8,full_group,first,1,0.500,8,8
2,1000,8,full_group,first,2,0.400,8,8
2,1000,8,full_group,first,3,0.500,8,8
2,1000,8,full_group,first,4,0.400,8,8
2,1000,8,full_group,first,5,0.500,8,8
2,1000,8,full_group,first,6,0.500,8,8
2,1000,8,full_group,first,7,0.500,8,8
2,1000,8,full_group,first,8,0.500,8,8
2,1000,8,full_group,first,9,0.500,8,8
2,1000,32,scalar,reused,0,9.900,32,32
2,1000,32,scalar,reused,1,1.300,32,32
2,1000,32,scalar,reused,2,1.000,32,32
2,1000,32,scalar,reused,3,1.100,32,32
2,1000,32,scalar,reused,4,1.000,32,32
2,1000,32,scalar,reused,5,1.000,32,32
2,1000,32,scalar,reused,6,1.000,32,32
2,1000,32,scalar,reused,7,1.000,32,32
2,1000,32,scalar,reused,8,1.000,32,32
2,1000,32,scalar,reused,9,0.900,32,32
2,1000,32,scalar,first,0,1.300,32,32
2,1000,32,scalar,first,1,1.200,32,32
2,1000,32,scalar,first,2,1.200,32,32
2,1000,32,scalar,first,3,1.200,32,32
2,1000,32,scalar,first,4,1.200,32,32
2,1000,32,scalar,first,5,1.100,32,32
2,1000,32,scalar,first,6,1.100,32,32
2,1000,32,scalar,first,7,1.300,32,32
2,1000,32,scalar,first,8,1.200,32,32
2,1000,32,scalar,first,9,1.100,32,32
2,1000,32,partial_group,reused,0,1.300,32,32
2,1000,32,partial_group,reused,1,1.000,32,32
2,1000,32,partial_group,reused,2,3.300,32,32
2,1000,32,partial_group,reused,3,1.500,32,32
2,1000,32,partial_group,reused,4,1.100,32,32
2,1000,32,partial_group,reused,5,1.100,32,32
2,1000,32,partial_group,reused,6,1.100,32,32
2,1000,32,partial_group,reused,7,1.100,32,32
2,1000,32,partial_group,reused,8,1.000,32,32
2,1000,32,partial_group,reused,9,1.000,32,32
2,1000,32,partial_group,first,0,1.300,32,32
2,1000,32,partial_group,first,1,1.900,32,32
2,1000,32,partial_group,first,2,1.300,32,32
2,1000,32,partial_group,first,3,1.100,32,32
2,1000,32,partial_group,first,4,1.200,32,32
2,1000,32,partial_group,first,5,1.300,32,32
2,1000,32,partial_group,first,6,1.200,32,32
2,1000,32,partial_group,first,7,1.200,32,32
2,1000,32,partial_group,first,8,1.200,32,32
2,1000,32,partial_group,first,9,1.200,32,32
2,1000,32,full_group,reused,0,1.300,32,32
2,1000,32,full_group,reused,1,1.300,32,32
2,1000,32,full_group,reused,2,1.200,32,32
2,1000,32,full_group,reused,3,1.100,32,32
2,1000,32,full_group,reused,4,1.100,32,32
2,1000,32,full_group,reused,5,1.100,32,32
2,1000,32,full_group,reused,6,1.100,32,32
2,1000,32,full_group,reused,7,1.100,32,32
2,1000,32,full_group,reused,8,1.100,32,32
2,1000,32,full_group,reused,9,1.100,32,32
2,1000,32,full_group,first,0,1.300,32,32
2,1000,32,full_group,first,1,1.300,32,32
2,1000,32,full_group,first,2,1.300,32,32
2,1000,32,full_group,first,3,1.300,32,32
2,1000,32,full_group,first,4,1.300,32,32
2,1000,32,full_group,first,5,1.400,32,32
2,1000,32,full_group,first,6,1.300,32,32
2,1000,32,full_group,first,7,1.300,32,32
2,1000,32,full_group,first,8,1.300,32,32
2,1000,32,full_group,first,9,1.200,32,32
2,10000,1,scalar,reused,0,0.100,1,1
2,10000,1,scalar,reused,1,0.100,1,1
2,10000,1,scalar,reused,2,0.100,1,1
2,10000,1,scalar,reused,3,0.000,1,1
2,10000,1,scalar,reused,4,0.100,1,1
2,10000,1,scalar,reused,5,0.100,1,1
2,10000,1,scalar,reused,6,0.100,1,1
2,10000,1,scalar,reused,7,0.100,1,1
2,10000,1,scalar,reused,8,0.100,1,1
2,10000,1,scalar,reused,9,0.100,1,1
2,10000,1,scalar,first,0,1.000,1,1
2,10000,1,scalar,first,1,1.000,1,1
2,10000,1,scalar,first,2,1.600,1,1
2,10000,1,scalar,first,3,1.000,1,1
2,10000,1,scalar,first,4,1.000,1,1
2,10000,1,scalar,first,5,1.100,1,1
2,10000,1,scalar,first,6,1.000,1,1
2,10000,1,scalar,first,7,1.000,1,1
2,10000,1,scalar,first,8,1.100,1,1
2,10000,1,scalar,first,9,0.900,1,1
2,10000,1,partial_group,reused,0,0.500,1,1
2,10000,1,partial_group,reused,1,0.300,1,1
2,10000,1,partial_group,reused,2,0.300,1,1
2,10000,1,partial_group,reused,3,0.600,1,1
2,10000,1,partial_group,reused,4,0.300,1,1
2,10000,1,partial_group,reused,5,0.300,1,1
2,10000,1,partial_group,reused,6,0.300,1,1
2,10000,1,partial_group,reused,7,0.300,1,1
2,10000,1,partial_group,reused,8,0.300,1,1
2,10000,1,partial_group,reused,9,0.300,1,1
2,10000,1,partial_group,first,0,1.300,1,1
2,10000,1,partial_group,first,1,1.200,1,1
2,10000,1,partial_group,first,2,1.200,1,1
2,10000,1,partial_group,first,3,1.200,1,1
2,10000,1,partial_group,first,4,1.300,1,1
2,10000,1,partial_group,first,5,1.100,1,1
2,10000,1,partial_group,first,6,1.300,1,1
2,10000,1,partial_group,first,7,1.800,1,1
2,10000,1,partial_group,first,8,1.300,1,1
2,10000,1,partial_group,first,9,1.200,1,1
2,10000,1,full_group,reused,0,0.200,1,1
2,10000,1,full_group,reused,1,0.300,1,1
2,10000,1,full_group,reused,2,0.200,1,1
2,10000,1,full_group,reused,3,0.200,1,1
2,10000,1,full_group,reused,4,0.300,1,1
2,10000,1,full_group,reused,5,0.300,1,1
2,10000,1,full_group,reused,6,0.300,1,1
2,10000,1,full_group,reused,7,0.200,1,1
2,10000,1,full_group,reused,8,0.200,1,1
2,10000,1,full_group,reused,9,0.300,1,1
2,10000,1,full_group,first,0,1.100,1,1
2,10000,1,full_group,first,1,1.200,1,1
2,10000,1,full_group,first,2,1.200,1,1
2,10000,1,full_group,first,3,1.200,1,1
2,10000,1,full_group,first,4,3.200,1,1
2,10000,1,full_group,first,5,1.400,1,1
2,10000,1,full_group,first,6,8.100,1,1
2,10000,1,full_group,first,7,16.000,1,1
2,10000,1,full_group,first,8,1.200,1,1
2,10000,1,full_group,first,9,8.200,1,1
2,10000,8,scalar,reused,0,1.000,8,8
2,10000,8,scalar,reused,1,0.900,8,8
2,10000,8,scalar,reused,2,1.100,8,8
2,10000,8,scalar,reused,3,0.700,8,8
2,10000,8,scalar,reused,4,0.400,8,8
2,10000,8,scalar,reused,5,0.400,8,8
2,10000,8,scalar,reused,6,0.300,8,8
2,10000,8,scalar,reused,7,0.300,8,8
2,10000,8,scalar,reused,8,0.300,8,8
2,10000,8,scalar,reused,9,0.300,8,8
2,10000,8,scalar,first,0,1.300,8,8
2,10000,8,scalar,first,1,1.400,8,8
2,10000,8,scalar,first,2,1.400,8,8
2,10000,8,scalar,first,3,1.200,8,8
2,10000,8,scalar,first,4,1.200,8,8
2,10000,8,scalar,first,5,6.600,8,8
2,10000,8,scalar,first,6,2.300,8,8
2,10000,8,scalar,first,7,1.800,8,8
2,10000,8,scalar,first,8,1.600,8,8
2,10000,8,scalar,first,9,1.700,8,8
2,10000,8,partial_group,reused,0,1.400,8,8
2,10000,8,partial_group,reused,1,0.700,8,8
2,10000,8,partial_group,reused,2,0.600,8,8
2,10000,8,partial_group,reused,3,1.700,8,8
2,10000,8,partial_group,reused,4,2.300,8,8
2,10000,8,partial_group,reused,5,1.100,8,8
2,10000,8,partial_group,reused,6,0.600,8,8
2,10000,8,partial_group,reused,7,1.000,8,8
2,10000,8,partial_group,reused,8,0.900,8,8
2,10000,8,partial_group,reused,9,1.800,8,8
2,10000,8,partial_group,first,0,22.700,8,8
2,10000,8,partial_group,first,1,18.300,8,8
2,10000,8,partial_group,first,2,1.500,8,8
2,10000,8,partial_group,first,3,17.900,8,8
2,10000,8,partial_group,first,4,19.900,8,8
2,10000,8,partial_group,first,5,1.600,8,8
2,10000,8,partial_group,first,6,18.800,8,8
2,10000,8,partial_group,first,7,18.600,8,8
2,10000,8,partial_group,first,8,1.600,8,8
2,10000,8,partial_group,first,9,18.200,8,8
2,10000,8,full_group,reused,0,0.700,8,8
2,10000,8,full_group,reused,1,0.600,8,8
2,10000,8,full_group,reused,2,0.600,8,8
2,10000,8,full_group,reused,3,0.600,8,8
2,10000,8,full_group,reused,4,0.600,8,8
2,10000,8,full_group,reused,5,0.500,8,8
2,10000,8,full_group,reused,6,1.600,8,8
2,10000,8,full_group,reused,7,1.000,8,8
2,10000,8,full_group,reused,8,1.000,8,8
2,10000,8,full_group,reused,9,0.800,8,8
2,10000,8,full_group,first,0,2.500,8,8
2,10000,8,full_group,first,1,32.000,8,8
2,10000,8,full_group,first,2,31.500,8,8
2,10000,8,full_group,first,3,1.600,8,8
2,10000,8,full_group,first,4,33.600,8,8
2,10000,8,full_group,first,5,53.600,8,8
2,10000,8,full_group,first,6,3.500,8,8
2,10000,8,full_group,first,7,28.800,8,8
2,10000,8,full_group,first,8,19.200,8,8
2,10000,8,full_group,first,9,1.600,8,8
2,10000,32,scalar,reused,0,4.400,32,32
2,10000,32,scalar,reused,1,1.500,32,32
2,10000,32,scalar,reused,2,1.700,32,32
2,10000,32,scalar,reused,3,2.000,32,32
2,10000,32,scalar,reused,4,4.900,32,32
2,10000,32,scalar,reused,5,2.900,32,32
2,10000,32,scalar,reused,6,2.800,32,32
2,10000,32,scalar,reused,7,1.300,32,32
2,10000,32,scalar,reused,8,1.300,32,32
2,10000,32,scalar,reused,9,1.500,32,32
2,10000,32,scalar,first,0,20.300,32,32
2,10000,32,scalar,first,1,20.100,32,32
2,10000,32,scalar,first,2,20.600,32,32
2,10000,32,scalar,first,3,19.500,32,32
2,10000,32,scalar,first,4,20.500,32,32
2,10000,32,scalar,first,5,23.600,32,32
2,10000,32,scalar,first,6,21.700,32,32
2,10000,32,scalar,first,7,18.100,32,32
2,10000,32,scalar,first,8,21.700,32,32
2,10000,32,scalar,first,9,19.000,32,32
2,10000,32,partial_group,reused,0,2.100,32,32
2,10000,32,partial_group,reused,1,1.700,32,32
2,10000,32,partial_group,reused,2,1.600,32,32
2,10000,32,partial_group,reused,3,1.700,32,32
2,10000,32,partial_group,reused,4,1.600,32,32
2,10000,32,partial_group,reused,5,4.500,32,32
2,10000,32,partial_group,reused,6,2.100,32,32
2,10000,32,partial_group,reused,7,1.600,32,32
2,10000,32,partial_group,reused,8,1.600,32,32
2,10000,32,partial_group,reused,9,1.400,32,32
2,10000,32,partial_group,first,0,30.900,32,32
2,10000,32,partial_group,first,1,3.000,32,32
2,10000,32,partial_group,first,2,25.800,32,32
2,10000,32,partial_group,first,3,27.200,32,32
2,10000,32,partial_group,first,4,3.000,32,32
2,10000,32,partial_group,first,5,31.100,32,32
2,10000,32,partial_group,first,6,17.800,32,32
2,10000,32,partial_group,first,7,2.800,32,32
2,10000,32,partial_group,first,8,17.800,32,32
2,10000,32,partial_group,first,9,18.300,32,32
2,10000,32,full_group,reused,0,1.900,32,32
2,10000,32,full_group,reused,1,1.500,32,32
2,10000,32,full_group,reused,2,1.400,32,32
2,10000,32,full_group,reused,3,1.600,32,32
2,10000,32,full_group,reused,4,1.400,32,32
2,10000,32,full_group,reused,5,3.400,32,32
2,10000,32,full_group,reused,6,1.700,32,32
2,10000,32,full_group,reused,7,2.000,32,32
2,10000,32,full_group,reused,8,1.600,32,32
2,10000,32,full_group,reused,9,1.500,32,32
2,10000,32,full_group,first,0,17.700,32,32
2,10000,32,full_group,first,1,20.000,32,32
2,10000,32,full_group,first,2,3.000,32,32
2,10000,32,full_group,first,3,19.300,32,32
2,10000,32,full_group,first,4,19.000,32,32
2,10000,32,full_group,first,5,8.100,32,32
2,10000,32,full_group,first,6,22.800,32,32
2,10000,32,full_group,first,7,19.400,32,32
2,10000,32,full_group,first,8,2.700,32,32
2,10000,32,full_group,first,9,18.600,32,32
2,100000,1,scalar,reused,0,0.300,1,1
2,100000,1,scalar,reused,1,0.200,1,1
2,100000,1,scalar,reused,2,0.400,1,1
2,100000,1,scalar,reused,3,0.300,1,1
2,100000,1,scalar,reused,4,0.200,1,1
2,100000,1,scalar,reused,5,0.200,1,1
2,100000,1,scalar,reused,6,0.200,1,1
2,100000,1,scalar,reused,7,0.300,1,1
2,100000,1,scalar,reused,8,0.500,1,1
2,100000,1,scalar,reused,9,0.300,1,1
2,100000,1,scalar,first,0,97.700,1,1
2,100000,1,scalar,first,1,85.500,1,1
2,100000,1,scalar,first,2,80.400,1,1
2,100000,1,scalar,first,3,86.100,1,1
2,100000,1,scalar,first,4,87.500,1,1
2,100000,1,scalar,first,5,78.900,1,1
2,100000,1,scalar,first,6,79.600,1,1
2,100000,1,scalar,first,7,94.500,1,1
2,100000,1,scalar,first,8,84.700,1,1
2,100000,1,scalar,first,9,93.100,1,1
2,100000,1,partial_group,reused,0,2.400,1,1
2,100000,1,partial_group,reused,1,2.200,1,1
2,100000,1,partial_group,reused,2,2.500,1,1
2,100000,1,partial_group,reused,3,2.200,1,1
2,100000,1,partial_group,reused,4,2.500,1,1
2,100000,1,partial_group,reused,5,1.800,1,1
2,100000,1,partial_group,reused,6,1.900,1,1
2,100000,1,partial_group,reused,7,1.800,1,1
2,100000,1,partial_group,reused,8,3.100,1,1
2,100000,1,partial_group,reused,9,2.100,1,1
2,100000,1,partial_group,first,0,89.000,1,1
2,100000,1,partial_group,first,1,86.300,1,1
2,100000,1,partial_group,first,2,85.100,1,1
2,100000,1,partial_group,first,3,84.100,1,1
2,100000,1,partial_group,first,4,85.000,1,1
2,100000,1,partial_group,first,5,15.000,1,1
2,100000,1,partial_group,first,6,106.400,1,1
2,100000,1,partial_group,first,7,96.200,1,1
2,100000,1,partial_group,first,8,88.100,1,1
2,100000,1,partial_group,first,9,86.100,1,1
2,100000,1,full_group,reused,0,1.700,1,1
2,100000,1,full_group,reused,1,1.700,1,1
2,100000,1,full_group,reused,2,1.700,1,1
2,100000,1,full_group,reused,3,1.900,1,1
2,100000,1,full_group,reused,4,1.700,1,1
2,100000,1,full_group,reused,5,1.900,1,1
2,100000,1,full_group,reused,6,1.700,1,1
2,100000,1,full_group,reused,7,1.700,1,1
2,100000,1,full_group,reused,8,1.700,1,1
2,100000,1,full_group,reused,9,1.700,1,1
2,100000,1,full_group,first,0,13.800,1,1
2,100000,1,full_group,first,1,87.300,1,1
2,100000,1,full_group,first,2,94.900,1,1
2,100000,1,full_group,first,3,88.900,1,1
2,100000,1,full_group,first,4,83.000,1,1
2,100000,1,full_group,first,5,11.400,1,1
2,100000,1,full_group,first,6,80.200,1,1
2,100000,1,full_group,first,7,93.000,1,1
2,100000,1,full_group,first,8,91.800,1,1
2,100000,1,full_group,first,9,90.300,1,1
2,100000,8,scalar,reused,0,0.900,8,8
2,100000,8,scalar,reused,1,0.800,8,8
2,100000,8,scalar,reused,2,1.100,8,8
2,100000,8,scalar,reused,3,0.900,8,8
2,100000,8,scalar,reused,4,0.600,8,8
2,100000,8,scalar,reused,5,0.700,8,8
2,100000,8,scalar,reused,6,0.900,8,8
2,100000,8,scalar,reused,7,0.600,8,8
2,100000,8,scalar,reused,8,0.400,8,8
2,100000,8,scalar,reused,9,1.300,8,8
2,100000,8,scalar,first,0,9.300,8,8
2,100000,8,scalar,first,1,9.100,8,8
2,100000,8,scalar,first,2,9.300,8,8
2,100000,8,scalar,first,3,9.200,8,8
2,100000,8,scalar,first,4,9.000,8,8
2,100000,8,scalar,first,5,9.300,8,8
2,100000,8,scalar,first,6,9.200,8,8
2,100000,8,scalar,first,7,9.300,8,8
2,100000,8,scalar,first,8,9.100,8,8
2,100000,8,scalar,first,9,9.100,8,8
2,100000,8,partial_group,reused,0,3.300,8,8
2,100000,8,partial_group,reused,1,4.500,8,8
2,100000,8,partial_group,reused,2,4.200,8,8
2,100000,8,partial_group,reused,3,2.600,8,8
2,100000,8,partial_group,reused,4,2.700,8,8
2,100000,8,partial_group,reused,5,2.200,8,8
2,100000,8,partial_group,reused,6,3.000,8,8
2,100000,8,partial_group,reused,7,2.300,8,8
2,100000,8,partial_group,reused,8,2.700,8,8
2,100000,8,partial_group,reused,9,2.100,8,8
2,100000,8,partial_group,first,0,14.300,8,8
2,100000,8,partial_group,first,1,81.000,8,8
2,100000,8,partial_group,first,2,86.000,8,8
2,100000,8,partial_group,first,3,92.900,8,8
2,100000,8,partial_group,first,4,87.500,8,8
2,100000,8,partial_group,first,5,11.600,8,8
2,100000,8,partial_group,first,6,86.500,8,8
2,100000,8,partial_group,first,7,111.600,8,8
2,100000,8,partial_group,first,8,141.700,8,8
2,100000,8,partial_group,first,9,97.500,8,8
2,100000,8,full_group,reused,0,2.200,8,8
2,100000,8,full_group,reused,1,2.700,8,8
2,100000,8,full_group,reused,2,2.200,8,8
2,100000,8,full_group,reused,3,2.100,8,8
2,100000,8,full_group,reused,4,1.900,8,8
2,100000,8,full_group,reused,5,2.100,8,8
2,100000,8,full_group,reused,6,4.400,8,8
2,100000,8,full_group,reused,7,2.200,8,8
2,100000,8,full_group,reused,8,2.300,8,8
2,100000,8,full_group,reused,9,2.000,8,8
2,100000,8,full_group,first,0,14.100,8,8
2,100000,8,full_group,first,1,109.900,8,8
2,100000,8,full_group,first,2,96.500,8,8
2,100000,8,full_group,first,3,94.900,8,8
2,100000,8,full_group,first,4,96.000,8,8
2,100000,8,full_group,first,5,18.700,8,8
2,100000,8,full_group,first,6,94.100,8,8
2,100000,8,full_group,first,7,112.200,8,8
2,100000,8,full_group,first,8,97.600,8,8
2,100000,8,full_group,first,9,89.600,8,8
2,100000,32,scalar,reused,0,5.900,32,32
2,100000,32,scalar,reused,1,5.300,32,32
2,100000,32,scalar,reused,2,5.300,32,32
2,100000,32,scalar,reused,3,3.600,32,32
2,100000,32,scalar,reused,4,5.100,32,32
2,100000,32,scalar,reused,5,2.600,32,32
2,100000,32,scalar,reused,6,4.900,32,32
2,100000,32,scalar,reused,7,4.100,32,32
2,100000,32,scalar,reused,8,5.400,32,32
2,100000,32,scalar,reused,9,4.100,32,32
2,100000,32,scalar,first,0,12.600,32,32
2,100000,32,scalar,first,1,14.200,32,32
2,100000,32,scalar,first,2,14.000,32,32
2,100000,32,scalar,first,3,11.500,32,32
2,100000,32,scalar,first,4,13.800,32,32
2,100000,32,scalar,first,5,13.300,32,32
2,100000,32,scalar,first,6,10.800,32,32
2,100000,32,scalar,first,7,10.300,32,32
2,100000,32,scalar,first,8,11.500,32,32
2,100000,32,scalar,first,9,12.900,32,32
2,100000,32,partial_group,reused,0,5.200,32,32
2,100000,32,partial_group,reused,1,6.100,32,32
2,100000,32,partial_group,reused,2,4.800,32,32
2,100000,32,partial_group,reused,3,4.500,32,32
2,100000,32,partial_group,reused,4,4.400,32,32
2,100000,32,partial_group,reused,5,4.400,32,32
2,100000,32,partial_group,reused,6,4.200,32,32
2,100000,32,partial_group,reused,7,3.500,32,32
2,100000,32,partial_group,reused,8,5.400,32,32
2,100000,32,partial_group,reused,9,4.800,32,32
2,100000,32,partial_group,first,0,18.000,32,32
2,100000,32,partial_group,first,1,95.800,32,32
2,100000,32,partial_group,first,2,112.800,32,32
2,100000,32,partial_group,first,3,108.000,32,32
2,100000,32,partial_group,first,4,113.300,32,32
2,100000,32,partial_group,first,5,18.400,32,32
2,100000,32,partial_group,first,6,108.400,32,32
2,100000,32,partial_group,first,7,112.000,32,32
2,100000,32,partial_group,first,8,92.900,32,32
2,100000,32,partial_group,first,9,98.800,32,32
2,100000,32,full_group,reused,0,3.700,32,32
2,100000,32,full_group,reused,1,3.400,32,32
2,100000,32,full_group,reused,2,5.200,32,32
2,100000,32,full_group,reused,3,5.000,32,32
2,100000,32,full_group,reused,4,9.900,32,32
2,100000,32,full_group,reused,5,3.600,32,32
2,100000,32,full_group,reused,6,3.300,32,32
2,100000,32,full_group,reused,7,3.400,32,32
2,100000,32,full_group,reused,8,3.500,32,32
2,100000,32,full_group,reused,9,3.900,32,32
2,100000,32,full_group,first,0,15.900,32,32
2,100000,32,full_group,first,1,86.800,32,32
2,100000,32,full_group,first,2,106.100,32,32
2,100000,32,full_group,first,3,96.500,32,32
2,100000,32,full_group,first,4,95.400,32,32
2,100000,32,full_group,first,5,13.800,32,32
2,100000,32,full_group,first,6,94.600,32,32
2,100000,32,full_group,first,7,91.600,32,32
2,100000,32,full_group,first,8,113.300,32,32
2,100000,32,full_group,first,9,97.400,32,32
2,1000000,1,scalar,reused,0,1.000,1,1
2,1000000,1,scalar,reused,1,1.200,1,1
2,1000000,1,scalar,reused,2,1.700,1,1
2,1000000,1,scalar,reused,3,1.000,1,1
2,1000000,1,scalar,reused,4,0.600,1,1
2,1000000,1,scalar,reused,5,1.500,1,1
2,1000000,1,scalar,reused,6,1.400,1,1
2,1000000,1,scalar,reused,7,0.900,1,1
2,1000000,1,scalar,reused,8,0.600,1,1
2,1000000,1,scalar,reused,9,1.100,1,1
2,1000000,1,scalar,first,0,844.300,1,1
2,1000000,1,scalar,first,1,820.500,1,1
2,1000000,1,scalar,first,2,792.000,1,1
2,1000000,1,scalar,first,3,796.000,1,1
2,1000000,1,scalar,first,4,807.500,1,1
2,1000000,1,scalar,first,5,802.200,1,1
2,1000000,1,scalar,first,6,790.300,1,1
2,1000000,1,scalar,first,7,820.000,1,1
2,1000000,1,scalar,first,8,904.400,1,1
2,1000000,1,scalar,first,9,899.200,1,1
2,1000000,1,partial_group,reused,0,16.400,1,1
2,1000000,1,partial_group,reused,1,15.800,1,1
2,1000000,1,partial_group,reused,2,15.700,1,1
2,1000000,1,partial_group,reused,3,15.800,1,1
2,1000000,1,partial_group,reused,4,17.900,1,1
2,1000000,1,partial_group,reused,5,16.000,1,1
2,1000000,1,partial_group,reused,6,15.900,1,1
2,1000000,1,partial_group,reused,7,15.500,1,1
2,1000000,1,partial_group,reused,8,16.400,1,1
2,1000000,1,partial_group,reused,9,16.600,1,1
2,1000000,1,partial_group,first,0,954.400,1,1
2,1000000,1,partial_group,first,1,923.000,1,1
2,1000000,1,partial_group,first,2,787.400,1,1
2,1000000,1,partial_group,first,3,851.700,1,1
2,1000000,1,partial_group,first,4,784.900,1,1
2,1000000,1,partial_group,first,5,892.800,1,1
2,1000000,1,partial_group,first,6,834.300,1,1
2,1000000,1,partial_group,first,7,870.500,1,1
2,1000000,1,partial_group,first,8,878.700,1,1
2,1000000,1,partial_group,first,9,852.800,1,1
2,1000000,1,full_group,reused,0,16.600,1,1
2,1000000,1,full_group,reused,1,16.700,1,1
2,1000000,1,full_group,reused,2,15.900,1,1
2,1000000,1,full_group,reused,3,16.200,1,1
2,1000000,1,full_group,reused,4,16.200,1,1
2,1000000,1,full_group,reused,5,15.900,1,1
2,1000000,1,full_group,reused,6,15.700,1,1
2,1000000,1,full_group,reused,7,16.300,1,1
2,1000000,1,full_group,reused,8,15.900,1,1
2,1000000,1,full_group,reused,9,16.000,1,1
2,1000000,1,full_group,first,0,813.900,1,1
2,1000000,1,full_group,first,1,793.600,1,1
2,1000000,1,full_group,first,2,811.800,1,1
2,1000000,1,full_group,first,3,768.100,1,1
2,1000000,1,full_group,first,4,788.900,1,1
2,1000000,1,full_group,first,5,784.100,1,1
2,1000000,1,full_group,first,6,869.100,1,1
2,1000000,1,full_group,first,7,877.900,1,1
2,1000000,1,full_group,first,8,831.000,1,1
2,1000000,1,full_group,first,9,767.400,1,1
2,1000000,8,scalar,reused,0,2.200,8,8
2,1000000,8,scalar,reused,1,2.100,8,8
2,1000000,8,scalar,reused,2,2.200,8,8
2,1000000,8,scalar,reused,3,2.500,8,8
2,1000000,8,scalar,reused,4,1.700,8,8
2,1000000,8,scalar,reused,5,2.900,8,8
2,1000000,8,scalar,reused,6,2.700,8,8
2,1000000,8,scalar,reused,7,3.000,8,8
2,1000000,8,scalar,reused,8,2.300,8,8
2,1000000,8,scalar,reused,9,3.800,8,8
2,1000000,8,scalar,first,0,825.700,8,8
2,1000000,8,scalar,first,1,772.400,8,8
2,1000000,8,scalar,first,2,1234.600,8,8
2,1000000,8,scalar,first,3,1140.800,8,8
2,1000000,8,scalar,first,4,1241.600,8,8
2,1000000,8,scalar,first,5,1303.500,8,8
2,1000000,8,scalar,first,6,1371.500,8,8
2,1000000,8,scalar,first,7,1390.000,8,8
2,1000000,8,scalar,first,8,1349.900,8,8
2,1000000,8,scalar,first,9,1408.100,8,8
2,1000000,8,partial_group,reused,0,20.900,8,8
2,1000000,8,partial_group,reused,1,19.400,8,8
2,1000000,8,partial_group,reused,2,22.100,8,8
2,1000000,8,partial_group,reused,3,21.500,8,8
2,1000000,8,partial_group,reused,4,21.500,8,8
2,1000000,8,partial_group,reused,5,18.400,8,8
2,1000000,8,partial_group,reused,6,17.800,8,8
2,1000000,8,partial_group,reused,7,21.600,8,8
2,1000000,8,partial_group,reused,8,17.900,8,8
2,1000000,8,partial_group,reused,9,19.300,8,8
2,1000000,8,partial_group,first,0,1175.500,8,8
2,1000000,8,partial_group,first,1,932.300,8,8
2,1000000,8,partial_group,first,2,892.800,8,8
2,1000000,8,partial_group,first,3,960.100,8,8
2,1000000,8,partial_group,first,4,887.900,8,8
2,1000000,8,partial_group,first,5,918.400,8,8
2,1000000,8,partial_group,first,6,848.800,8,8
2,1000000,8,partial_group,first,7,806.400,8,8
2,1000000,8,partial_group,first,8,845.500,8,8
2,1000000,8,partial_group,first,9,861.100,8,8
2,1000000,8,full_group,reused,0,18.100,8,8
2,1000000,8,full_group,reused,1,17.600,8,8
2,1000000,8,full_group,reused,2,17.000,8,8
2,1000000,8,full_group,reused,3,18.100,8,8
2,1000000,8,full_group,reused,4,17.500,8,8
2,1000000,8,full_group,reused,5,16.900,8,8
2,1000000,8,full_group,reused,6,20.500,8,8
2,1000000,8,full_group,reused,7,17.300,8,8
2,1000000,8,full_group,reused,8,17.100,8,8
2,1000000,8,full_group,reused,9,17.400,8,8
2,1000000,8,full_group,first,0,802.900,8,8
2,1000000,8,full_group,first,1,807.500,8,8
2,1000000,8,full_group,first,2,785.700,8,8
2,1000000,8,full_group,first,3,847.500,8,8
2,1000000,8,full_group,first,4,891.500,8,8
2,1000000,8,full_group,first,5,843.200,8,8
2,1000000,8,full_group,first,6,827.700,8,8
2,1000000,8,full_group,first,7,856.400,8,8
2,1000000,8,full_group,first,8,851.800,8,8
2,1000000,8,full_group,first,9,892.900,8,8
2,1000000,32,scalar,reused,0,11.800,32,32
2,1000000,32,scalar,reused,1,9.500,32,32
2,1000000,32,scalar,reused,2,8.500,32,32
2,1000000,32,scalar,reused,3,27.600,32,32
2,1000000,32,scalar,reused,4,9.100,32,32
2,1000000,32,scalar,reused,5,7.900,32,32
2,1000000,32,scalar,reused,6,8.800,32,32
2,1000000,32,scalar,reused,7,8.800,32,32
2,1000000,32,scalar,reused,8,6.300,32,32
2,1000000,32,scalar,reused,9,7.400,32,32
2,1000000,32,scalar,first,0,953.500,32,32
2,1000000,32,scalar,first,1,763.000,32,32
2,1000000,32,scalar,first,2,908.000,32,32
2,1000000,32,scalar,first,3,788.300,32,32
2,1000000,32,scalar,first,4,820.600,32,32
2,1000000,32,scalar,first,5,895.700,32,32
2,1000000,32,scalar,first,6,879.800,32,32
2,1000000,32,scalar,first,7,913.800,32,32
2,1000000,32,scalar,first,8,817.800,32,32
2,1000000,32,scalar,first,9,843.200,32,32
2,1000000,32,partial_group,reused,0,23.300,32,32
2,1000000,32,partial_group,reused,1,20.700,32,32
2,1000000,32,partial_group,reused,2,29.600,32,32
2,1000000,32,partial_group,reused,3,23.600,32,32
2,1000000,32,partial_group,reused,4,25.600,32,32
2,1000000,32,partial_group,reused,5,22.100,32,32
2,1000000,32,partial_group,reused,6,22.300,32,32
2,1000000,32,partial_group,reused,7,21.500,32,32
2,1000000,32,partial_group,reused,8,24.600,32,32
2,1000000,32,partial_group,reused,9,24.300,32,32
2,1000000,32,partial_group,first,0,1034.500,32,32
2,1000000,32,partial_group,first,1,975.900,32,32
2,1000000,32,partial_group,first,2,936.300,32,32
2,1000000,32,partial_group,first,3,976.100,32,32
2,1000000,32,partial_group,first,4,901.100,32,32
2,1000000,32,partial_group,first,5,871.600,32,32
2,1000000,32,partial_group,first,6,843.900,32,32
2,1000000,32,partial_group,first,7,897.800,32,32
2,1000000,32,partial_group,first,8,859.000,32,32
2,1000000,32,partial_group,first,9,884.000,32,32
2,1000000,32,full_group,reused,0,35.600,32,32
2,1000000,32,full_group,reused,1,23.300,32,32
2,1000000,32,full_group,reused,2,24.400,32,32
2,1000000,32,full_group,reused,3,34.500,32,32
2,1000000,32,full_group,reused,4,23.100,32,32
2,1000000,32,full_group,reused,5,21.800,32,32
2,1000000,32,full_group,reused,6,22.000,32,32
2,1000000,32,full_group,reused,7,22.900,32,32
2,1000000,32,full_group,reused,8,62.600,32,32
2,1000000,32,full_group,reused,9,25.200,32,32
2,1000000,32,full_group,first,0,852.100,32,32
2,1000000,32,full_group,first,1,867.700,32,32
2,1000000,32,full_group,first,2,840.800,32,32
2,1000000,32,full_group,first,3,844.700,32,32
2,1000000,32,full_group,first,4,831.000,32,32
2,1000000,32,full_group,first,5,841.500,32,32
2,1000000,32,full_group,first,6,846.400,32,32
2,1000000,32,full_group,first,7,893.200,32,32
2,1000000,32,full_group,first,8,881.400,32,32
2,1000000,32,full_group,first,9,970.600,32,32
