run_pass,pieces,scenario,run,connectivity_init_us,union_chain_us,iteration_us,expansion_us,grab_us,pointer_ns,release_us,connectivity_bytes,released,component_size
0,1000,disconnected,0,5.200,0.100,0.000,2.000,19.800,11.684,64.300,8000,1000,1
0,1000,disconnected,1,0.300,0.000,0.000,0.100,6.400,11.740,51.400,8000,1000,1
0,1000,disconnected,2,1.900,0.100,0.000,0.100,4.800,11.750,50.700,8000,1000,1
0,1000,disconnected,3,0.500,0.000,0.000,0.100,5.000,11.767,53.500,8000,1000,1
0,1000,disconnected,4,0.500,0.000,0.100,0.200,5.700,11.758,51.400,8000,1000,1
0,1000,single_snap,0,0.400,0.000,0.100,0.100,5.100,11.835,10.600,8000,1,2
0,1000,single_snap,1,0.600,0.000,0.000,0.200,1.300,11.738,2.600,8000,1,2
0,1000,single_snap,2,0.500,0.100,0.000,0.100,0.600,11.792,3.000,8000,1,2
0,1000,single_snap,3,0.500,0.100,0.000,0.200,1.000,11.720,2.700,8000,1,2
0,1000,single_snap,4,0.600,0.100,0.000,0.200,1.000,11.680,0.900,8000,1,2
0,1000,closure,0,0.400,0.000,0.000,0.000,0.800,11.716,96.200,8000,1,1000
0,1000,closure,1,0.300,0.100,0.000,0.000,0.500,11.740,92.600,8000,1,1000
0,1000,closure,2,0.300,0.000,0.000,0.000,0.500,11.760,92.500,8000,1,1000
0,1000,closure,3,0.300,0.100,0.000,0.000,0.400,11.746,132.400,8000,1,1000
0,1000,closure,4,0.500,0.000,0.000,0.100,1.400,11.750,93.800,8000,1,1000
0,1000,board,0,0.300,0.000,0.100,0.100,6.100,11.813,171.600,8000,1000,1000
0,1000,board,1,0.400,0.000,0.000,0.000,5.900,11.766,136.600,8000,1000,1000
0,1000,board,2,0.600,0.000,0.100,0.100,6.400,11.730,131.100,8000,1000,1000
0,1000,board,3,0.400,0.100,0.000,0.100,5.000,11.688,132.200,8000,1000,1000
0,1000,board,4,0.500,0.000,0.100,0.100,5.800,11.926,137.400,8000,1000,1000
0,1000,connected,0,0.900,6.100,1.100,6.800,14.700,11.943,26.700,8000,1000,1000
0,1000,connected,1,0.600,3.600,1.100,6.200,33.400,11.998,23.400,8000,1000,1000
0,1000,connected,2,0.400,3.600,1.100,6.100,10.100,12.577,30.000,8000,1000,1000
0,1000,connected,3,0.600,3.600,1.200,6.300,12.000,12.921,33.800,8000,1000,1000
0,1000,connected,4,0.900,3.800,1.200,6.700,17.200,12.613,28.900,8000,1000,1000
0,10000,disconnected,0,27.800,0.100,0.100,0.500,79.300,12.524,542.300,80000,10000,1
0,10000,disconnected,1,29.800,0.000,0.000,0.300,99.000,13.357,512.900,80000,10000,1
0,10000,disconnected,2,20.900,0.000,0.100,0.400,72.500,12.390,539.800,80000,10000,1
0,10000,disconnected,3,26.700,0.000,0.000,0.300,75.700,13.184,545.800,80000,10000,1
0,10000,disconnected,4,22.200,0.000,0.100,0.400,78.300,12.760,539.500,80000,10000,1
0,10000,single_snap,0,22.400,0.000,0.000,0.300,24.000,12.473,7.400,80000,1,2
0,10000,single_snap,1,33.900,0.000,0.100,0.500,25.600,12.345,7.200,80000,1,2
0,10000,single_snap,2,21.300,0.100,0.000,0.400,22.800,12.598,4.600,80000,1,2
0,10000,single_snap,3,22.100,0.000,0.100,0.800,3.400,12.339,3.800,80000,1,2
0,10000,single_snap,4,31.100,0.000,0.000,0.400,23.000,12.254,3.900,80000,1,2
0,10000,closure,0,25.100,0.000,0.000,0.500,31.900,12.554,905.300,80000,1,10000
0,10000,closure,1,23.900,0.000,0.100,0.300,22.000,12.310,908.300,80000,1,10000
0,10000,closure,2,28.900,0.100,0.100,0.300,46.300,12.527,912.500,80000,1,10000
0,10000,closure,3,29.700,0.000,0.000,0.400,26.500,12.326,899.400,80000,1,10000
0,10000,closure,4,28.800,0.100,0.000,0.300,29.800,12.517,899.300,80000,1,10000
0,10000,board,0,22.400,0.000,0.000,0.200,69.300,12.495,1392.900,80000,10000,10000
0,10000,board,1,37.000,0.000,0.100,0.400,82.400,12.442,1427.000,80000,10000,10000
0,10000,board,2,20.200,0.000,0.000,0.200,67.200,12.491,1425.700,80000,10000,10000
0,10000,board,3,28.800,0.100,0.100,0.400,73.100,12.536,1401.000,80000,10000,10000
0,10000,board,4,17.400,0.100,0.000,0.400,69.900,12.323,1388.900,80000,10000,10000
0,10000,connected,0,22.000,38.500,11.900,64.500,109.400,12.435,231.300,80000,10000,10000
0,10000,connected,1,18.100,35.600,11.100,60.300,105.100,11.732,230.400,80000,10000,10000
0,10000,connected,2,21.600,35.000,11.000,59.900,98.100,11.771,229.400,80000,10000,10000
0,10000,connected,3,17.900,48.200,11.000,61.000,102.700,11.706,229.700,80000,10000,10000
0,10000,connected,4,18.500,35.000,11.000,59.900,111.600,11.864,232.700,80000,10000,10000
0,100000,disconnected,0,127.300,0.100,0.200,1.600,691.200,12.130,4705.100,800000,100000,1
0,100000,disconnected,1,96.600,0.000,0.000,1.300,646.200,11.765,4905.300,800000,100000,1
0,100000,disconnected,2,103.800,0.000,0.100,1.500,676.200,11.788,4721.700,800000,100000,1
0,100000,disconnected,3,89.500,0.100,0.000,1.000,611.600,11.847,4842.400,800000,100000,1
0,100000,disconnected,4,135.300,0.000,0.000,1.500,621.600,11.839,4735.300,800000,100000,1
0,100000,single_snap,0,114.500,0.100,0.000,1.800,97.400,11.982,11.600,800000,1,2
0,100000,single_snap,1,97.000,0.100,0.000,1.700,94.500,11.949,7.800,800000,1,2
0,100000,single_snap,2,92.300,0.100,0.100,1.400,84.500,11.865,11.200,800000,1,2
0,100000,single_snap,3,95.600,0.100,0.000,1.500,110.200,11.843,13.500,800000,1,2
0,100000,single_snap,4,129.400,0.000,0.100,1.100,92.100,12.246,13.700,800000,1,2
0,100000,closure,0,103.700,0.100,0.100,1.900,105.500,11.784,8863.100,800000,1,100000
0,100000,closure,1,122.000,0.300,0.000,0.900,96.600,11.721,8475.600,800000,1,100000
0,100000,closure,2,99.900,0.100,0.000,1.500,87.300,11.743,8582.600,800000,1,100000
0,100000,closure,3,110.700,0.000,0.100,1.000,91.600,11.770,8495.700,800000,1,100000
0,100000,closure,4,110.800,0.000,0.100,1.000,89.300,11.766,8406.200,800000,1,100000
0,100000,board,0,109.500,0.100,0.000,1.500,610.500,11.877,13395.800,800000,100000,100000
0,100000,board,1,111.600,0.000,0.000,1.000,721.700,11.864,13365.900,800000,100000,100000
0,100000,board,2,143.600,0.200,0.100,1.700,807.200,11.956,13518.700,800000,100000,100000
0,100000,board,3,155.000,0.100,0.100,1.300,683.300,12.304,14258.000,800000,100000,100000
0,100000,board,4,107.700,0.000,0.100,1.500,652.700,11.738,13296.100,800000,100000,100000
0,100000,connected,0,116.700,351.700,110.200,600.700,1080.300,11.771,2303.800,800000,100000,100000
0,100000,connected,1,111.400,354.000,110.400,599.900,1224.300,11.823,2307.100,800000,100000,100000
0,100000,connected,2,103.000,351.200,110.100,615.400,980.000,11.756,2314.000,800000,100000,100000
0,100000,connected,3,98.600,357.400,110.500,602.300,1221.900,12.131,3151.700,800000,100000,100000
0,100000,connected,4,96.000,349.700,110.000,606.900,983.300,11.863,2312.500,800000,100000,100000
0,1000000,disconnected,0,809.500,0.500,0.100,7.000,5903.600,11.781,47644.700,8000000,1000000,1
0,1000000,disconnected,1,821.400,0.100,0.100,6.800,6051.600,11.755,47353.500,8000000,1000000,1
0,1000000,disconnected,2,801.600,0.100,0.100,7.100,7472.800,12.859,47002.100,8000000,1000000,1
0,1000000,disconnected,3,799.300,0.100,0.300,12.200,6061.900,11.809,48137.000,8000000,1000000,1
0,1000000,disconnected,4,975.300,0.100,0.100,12.300,5823.600,12.433,47204.100,8000000,1000000,1
0,1000000,single_snap,0,945.900,0.100,0.200,7.200,835.700,11.741,41.900,8000000,1,2
0,1000000,single_snap,1,837.000,0.100,0.100,12.200,904.600,11.742,43.700,8000000,1,2
0,1000000,single_snap,2,868.600,0.000,0.200,6.900,867.100,11.709,41.400,8000000,1,2
0,1000000,single_snap,3,760.200,0.200,0.400,11.900,797.400,11.765,46.200,8000000,1,2
0,1000000,single_snap,4,772.400,0.200,0.300,11.900,829.900,11.695,48.600,8000000,1,2
0,1000000,closure,0,899.200,0.000,0.100,7.100,840.000,11.724,87635.200,8000000,1,1000000
0,1000000,closure,1,921.800,0.000,0.100,6.800,875.100,11.707,85936.500,8000000,1,1000000
0,1000000,closure,2,851.200,0.100,0.100,12.500,971.500,11.774,88005.700,8000000,1,1000000
0,1000000,closure,3,868.200,0.100,0.100,7.100,826.000,11.951,85532.000,8000000,1,1000000
0,1000000,closure,4,905.600,0.000,0.300,12.000,1037.600,12.727,89876.200,8000000,1,1000000
0,1000000,board,0,906.700,0.000,0.100,7.100,6038.500,11.879,134100.700,8000000,1000000,1000000
0,1000000,board,1,903.400,0.100,0.200,6.800,6026.200,11.763,134369.700,8000000,1000000,1000000
0,1000000,board,2,775.200,0.000,0.100,6.800,8208.300,11.707,136178.200,8000000,1000000,1000000
0,1000000,board,3,859.000,0.100,0.500,6.700,5842.600,11.771,133716.000,8000000,1000000,1000000
0,1000000,board,4,823.800,0.100,0.100,6.700,7484.100,12.218,137542.100,8000000,1000000,1000000
0,1000000,connected,0,806.400,4524.800,1121.700,6033.900,9403.500,11.756,23601.200,8000000,1000000,1000000
0,1000000,connected,1,1093.600,4460.500,1105.700,6437.000,9613.800,11.731,23390.600,8000000,1000000,1000000
0,1000000,connected,2,745.400,4257.000,1122.600,6081.200,9590.800,11.753,25370.800,8000000,1000000,1000000
0,1000000,connected,3,844.000,4255.000,1139.100,6147.500,9879.000,12.259,25113.900,8000000,1000000,1000000
0,1000000,connected,4,877.900,4644.400,1123.800,6266.900,11948.400,12.234,24750.600,8000000,1000000,1000000
1,1000,disconnected,0,5.600,0.100,0.000,1.800,20.700,11.635,63.100,8000,1000,1
1,1000,disconnected,1,0.400,0.000,0.000,0.200,5.100,11.664,50.700,8000,1000,1
1,1000,disconnected,2,0.300,0.000,0.100,0.100,4.900,11.634,49.900,8000,1000,1
1,1000,disconnected,3,0.400,0.100,0.000,0.100,4.500,11.607,49.900,8000,1000,1
1,1000,disconnected,4,0.300,0.000,0.000,0.000,4.500,11.634,50.800,8000,1000,1
1,1000,single_snap,0,0.300,0.000,0.100,0.100,3.400,11.622,6.300,8000,1,2
1,1000,single_snap,1,2.000,0.000,0.100,0.000,0.500,11.631,0.700,8000,1,2
1,1000,single_snap,2,1.100,0.100,0.000,0.100,0.500,11.648,0.700,8000,1,2
1,1000,single_snap,3,0.300,0.000,0.000,0.100,0.800,11.675,2.600,8000,1,2
1,1000,single_snap,4,0.600,0.000,0.000,0.200,1.000,11.654,0.800,8000,1,2
1,1000,closure,0,0.500,0.100,0.000,0.000,0.800,11.632,94.400,8000,1,1000
1,1000,closure,1,0.300,0.000,0.000,0.000,0.500,11.631,95.200,8000,1,1000
1,1000,closure,2,0.500,0.000,0.000,0.100,1.100,12.989,101.800,8000,1,1000
1,1000,closure,3,0.700,0.000,0.000,0.300,2.000,11.640,90.600,8000,1,1000
1,1000,closure,4,0.300,0.100,0.000,0.000,0.400,11.610,107.500,8000,1,1000
1,1000,board,0,3.400,0.000,0.000,0.100,7.100,11.667,135.500,8000,1000,1000
1,1000,board,1,3.100,0.000,0.100,0.100,5.400,11.664,130.400,8000,1000,1000
1,1000,board,2,1.700,0.100,0.000,0.100,4.600,11.659,127.700,8000,1000,1000
1,1000,board,3,2.400,0.000,0.000,0.100,4.400,11.654,130.100,8000,1000,1000
1,1000,board,4,2.000,0.100,0.000,0.000,4.900,11.678,127.900,8000,1000,1000
1,1000,connected,0,1.600,3.700,1.100,6.300,8.400,11.668,24.700,8000,1000,1000
1,1000,connected,1,1.700,3.500,1.200,6.000,7.900,11.674,24.100,8000,1000,1000
1,1000,connected,2,1.700,3.600,1.100,6.000,7.900,11.652,24.100,8000,1000,1000
1,1000,connected,3,1.700,3.500,1.100,6.000,8.000,11.630,25.100,8000,1000,1000
1,1000,connected,4,4.300,3.700,1.100,6.300,10.000,11.684,25.200,8000,1000,1000
1,10000,disconnected,0,23.600,0.100,0.000,0.300,75.300,12.187,526.000,80000,10000,1
1,10000,disconnected,1,21.500,0.100,0.000,0.500,113.400,11.778,496.800,80000,10000,1
1,10000,disconnected,2,20.100,0.000,0.000,0.500,76.900,11.681,510.600,80000,10000,1
1,10000,disconnected,3,19.000,0.100,0.000,0.300,87.700,11.636,532.800,80000,10000,1
1,10000,disconnected,4,22.500,0.000,0.100,0.400,95.500,12.198,486.700,80000,10000,1
1,10000,single_snap,0,20.300,0.100,0.000,0.500,21.200,12.075,10.500,80000,1,2
1,10000,single_snap,1,20.600,0.000,0.000,0.300,20.300,12.107,13.900,80000,1,2
1,10000,single_snap,2,20.800,0.000,0.000,0.600,20.700,11.670,4.600,80000,1,2
1,10000,single_snap,3,19.100,0.000,0.000,0.100,17.700,11.713,10.800,80000,1,2
1,10000,single_snap,4,19.800,0.000,0.000,0.300,17.900,11.674,8.400,80000,1,2
1,10000,closure,0,19.400,0.000,0.000,0.300,18.800,11.635,849.100,80000,1,10000
1,10000,closure,1,17.700,0.000,0.100,0.400,23.900,11.653,859.200,80000,1,10000
1,10000,closure,2,18.400,0.000,0.000,0.400,18.800,11.703,855.800,80000,1,10000
1,10000,closure,3,23.800,0.100,0.000,0.200,30.200,11.658,852.100,80000,1,10000
1,10000,closure,4,22.200,0.100,0.000,0.200,3.100,11.658,838.600,80000,1,10000
1,10000,board,0,32.000,0.000,0.000,0.100,87.900,11.675,1311.400,80000,10000,10000
1,10000,board,1,20.500,0.000,0.000,0.300,88.800,11.660,1316.000,80000,10000,10000
1,10000,board,2,17.500,0.100,0.000,0.200,95.200,11.685,1310.000,80000,10000,10000
1,10000,board,3,18.800,0.000,0.000,0.100,95.000,11.686,1359.100,80000,10000,10000
1,10000,board,4,20.000,0.000,0.000,0.100,75.600,11.697,1310.500,80000,10000,10000
1,10000,connected,0,19.500,35.100,11.000,59.800,107.600,11.690,238.100,80000,10000,10000
1,10000,connected,1,20.000,34.800,11.000,59.700,114.600,11.762,244.800,80000,10000,10000
1,10000,connected,2,20.600,35.100,11.000,60.000,115.200,11.655,241.300,80000,10000,10000
1,10000,connected,3,19.000,35.000,11.000,59.600,105.800,11.674,246.200,80000,10000,10000
1,10000,connected,4,24.300,34.900,11.000,59.700,127.900,11.665,242.900,80000,10000,10000
1,100000,disconnected,0,113.300,0.000,0.100,0.900,625.900,11.692,5614.100,800000,100000,1
1,100000,disconnected,1,137.200,0.100,0.000,1.000,619.900,11.747,4823.500,800000,100000,1
1,100000,disconnected,2,107.800,0.100,0.000,0.900,653.900,11.777,4888.900,800000,100000,1
1,100000,disconnected,3,104.400,0.000,0.000,1.100,628.800,11.765,4836.500,800000,100000,1
1,100000,disconnected,4,111.800,0.000,0.100,1.800,689.800,11.767,4886.500,800000,100000,1
1,100000,single_snap,0,106.400,0.000,0.000,1.500,106.200,11.770,6.600,800000,1,2
1,100000,single_snap,1,109.800,0.100,0.000,1.500,106.100,11.754,7.800,800000,1,2
1,100000,single_snap,2,100.200,0.000,0.000,1.600,110.700,11.746,7.000,800000,1,2
1,100000,single_snap,3,117.200,0.000,0.100,0.900,102.800,11.762,8.100,800000,1,2
1,100000,single_snap,4,101.100,0.000,0.000,1.200,97.900,11.723,9.300,800000,1,2
1,100000,closure,0,106.900,0.000,0.000,1.100,104.300,11.685,8873.200,800000,1,100000
1,100000,closure,1,114.200,0.000,0.100,1.300,108.200,12.322,8857.600,800000,1,100000
1,100000,closure,2,95.300,0.000,0.100,1.100,94.500,11.789,8366.200,800000,1,100000
1,100000,closure,3,151.600,0.100,0.000,1.400,92.800,11.795,8432.300,800000,1,100000
1,100000,closure,4,146.500,0.100,0.000,1.500,93.900,11.738,8405.400,800000,1,100000
1,100000,board,0,101.200,0.000,0.100,0.900,641.300,11.690,13198.100,800000,100000,100000
1,100000,board,1,127.300,0.000,0.100,1.200,638.900,11.723,13169.200,800000,100000,100000
1,100000,board,2,131.700,0.000,0.100,1.100,576.400,11.772,13426.100,800000,100000,100000
1,100000,board,3,147.100,0.000,0.000,1.100,596.000,11.695,13997.000,800000,100000,100000
1,100000,board,4,118.000,0.000,0.200,1.100,623.200,11.736,13157.100,800000,100000,100000
1,100000,connected,0,105.300,352.500,110.900,599.500,933.200,13.375,3462.600,800000,100000,100000
1,100000,connected,1,108.000,349.000,110.000,596.200,921.900,11.742,2378.300,800000,100000,100000
1,100000,connected,2,96.700,348.000,110.000,599.500,932.000,11.769,2402.000,800000,100000,100000
1,100000,connected,3,95.900,348.100,109.800,597.100,953.600,11.671,2377.800,800000,100000,100000
1,100000,connected,4,95.700,349.100,109.700,594.600,979.100,11.664,2415.300,800000,100000,100000
1,1000000,disconnected,0,941.200,0.100,0.100,6.800,5975.800,11.700,49173.800,8000000,1000000,1
1,1000000,disconnected,1,864.900,0.100,0.000,6.700,5978.100,11.702,46981.200,8000000,1000000,1
1,1000000,disconnected,2,791.100,0.100,0.100,13.400,7934.500,12.305,53476.000,8000000,1000000,1
1,1000000,disconnected,3,906.900,0.000,0.100,6.800,5822.100,11.686,48494.100,8000000,1000000,1
1,1000000,disconnected,4,756.500,0.000,0.400,6.900,5821.600,11.814,48447.900,8000000,1000000,1
1,1000000,single_snap,0,794.100,0.100,0.100,12.200,849.500,11.695,60.900,8000000,1,2
1,1000000,single_snap,1,1149.200,0.100,0.200,6.900,905.500,12.379,79.400,8000000,1,2
1,1000000,single_snap,2,843.800,0.100,0.200,6.700,826.400,11.702,53.300,8000000,1,2
1,1000000,single_snap,3,773.700,0.100,0.100,6.900,809.400,11.729,51.800,8000000,1,2
1,1000000,single_snap,4,879.400,0.100,0.200,6.700,903.800,11.689,63.100,8000000,1,2
1,1000000,closure,0,934.100,0.000,0.200,6.900,890.900,11.706,85563.600,8000000,1,1000000
1,1000000,closure,1,855.300,0.000,0.100,11.900,876.600,11.683,87540.400,8000000,1,1000000
1,1000000,closure,2,884.700,0.000,0.100,7.100,879.700,11.881,86408.000,8000000,1,1000000
1,1000000,closure,3,778.300,0.000,0.100,9.800,860.200,11.662,88534.500,8000000,1,1000000
1,1000000,closure,4,2084.600,0.100,0.200,6.700,872.100,11.663,85821.500,8000000,1,1000000
1,1000000,board,0,754.600,0.000,0.100,11.900,5858.200,12.311,134741.100,8000000,1000000,1000000
1,1000000,board,1,810.200,0.100,0.300,7.100,5587.300,11.683,134061.300,8000000,1000000,1000000
1,1000000,board,2,844.200,0.000,0.200,12.000,5787.400,11.733,136676.300,8000000,1000000,1000000
1,1000000,board,3,854.200,0.100,0.100,6.800,5712.100,11.849,133810.700,8000000,1000000,1000000
1,1000000,board,4,899.700,0.100,0.100,7.100,7678.600,12.195,135182.800,8000000,1000000,1000000
1,1000000,connected,0,791.800,4407.800,1113.300,6067.500,9724.600,11.714,26950.000,8000000,1000000,1000000
1,1000000,connected,1,1060.900,4262.500,1128.600,5989.600,9526.200,11.774,25033.800,8000000,1000000,1000000
1,1000000,connected,2,865.000,4292.500,1142.500,6095.500,10280.800,12.465,24633.700,8000000,1000000,1000000
1,1000000,connected,3,892.900,4273.900,1106.000,6004.700,9318.800,11.713,24089.000,8000000,1000000,1000000
1,1000000,connected,4,750.800,4359.400,1120.600,6317.000,10326.700,12.005,24493.600,8000000,1000000,1000000
2,1000,disconnected,0,6.600,0.000,0.100,1.600,23.900,11.982,68.100,8000,1000,1
2,1000,disconnected,1,0.500,0.000,0.100,0.100,6.200,11.648,65.200,8000,1000,1
2,1000,disconnected,2,2.900,0.100,0.000,0.300,7.400,11.486,53.100,8000,1000,1
2,1000,disconnected,3,1.200,0.000,0.000,0.100,6.100,11.416,52.700,8000,1000,1
2,1000,disconnected,4,1.400,0.000,0.000,0.100,5.000,11.438,51.900,8000,1000,1
2,1000,single_snap,0,0.200,0.000,0.100,0.000,3.800,11.454,11.000,8000,1,2
2,1000,single_snap,1,0.600,0.100,0.000,0.200,1.200,11.439,0.900,8000,1,2
2,1000,single_snap,2,0.300,0.000,0.100,0.000,0.500,11.444,0.500,8000,1,2
2,1000,single_snap,3,0.200,0.000,0.000,0.000,0.900,11.375,0.500,8000,1,2
2,1000,single_snap,4,0.200,0.000,0.000,0.000,0.400,11.466,3.200,8000,1,2
2,1000,closure,0,0.600,0.000,0.000,0.100,1.400,11.448,95.700,8000,1,1000
2,1000,closure,1,4.400,0.000,0.100,0.100,0.600,11.482,116.100,8000,1,1000
2,1000,closure,2,0.800,0.100,0.000,0.200,1.400,11.491,115.100,8000,1,1000
2,1000,closure,3,2.500,0.100,0.000,0.200,1.000,11.488,98.500,8000,1,1000
2,1000,closure,4,0.500,0.000,0.100,0.100,1.200,11.474,91.500,8000,1,1000
2,1000,board,0,0.500,0.000,0.000,0.100,5.600,11.435,132.500,8000,1000,1000
2,1000,board,1,2.200,0.000,0.000,0.100,5.200,11.495,131.300,8000,1000,1000
2,1000,board,2,4.500,0.000,0.000,0.200,5.600,11.482,128.300,8000,1000,1000
2,1000,board,3,1.900,0.000,0.100,0.100,7.100,11.504,141.600,8000,1000,1000
2,1000,board,4,2.200,0.000,0.000,0.000,4.900,11.463,127.700,8000,1000,1000
2,1000,connected,0,2.500,3.700,1.200,6.100,8.800,11.490,24.800,8000,1000,1000
2,1000,connected,1,4.200,3.600,1.100,6.100,9.600,11.474,23.700,8000,1000,1000
2,1000,connected,2,1.900,3.600,1.100,6.000,8.100,11.493,23.600,8000,1000,1000
2,1000,connected,3,1.700,3.500,1.100,5.900,8.300,11.488,24.900,8000,1000,1000
2,1000,connected,4,4.300,3.600,1.200,6.300,8.900,11.993,23.700,8000,1000,1000
2,10000,disconnected,0,21.600,0.100,0.000,0.200,106.300,11.461,491.300,80000,10000,1
2,10000,disconnected,1,19.600,0.000,0.000,0.100,87.600,11.510,529.600,80000,10000,1
2,10000,disconnected,2,25.400,0.000,0.000,0.300,71.200,11.508,526.400,80000,10000,1
2,10000,disconnected,3,19.100,0.000,0.000,0.200,89.300,11.471,458.100,80000,10000,1
2,10000,disconnected,4,33.600,0.000,0.000,0.200,72.300,11.481,453.300,80000,10000,1
2,10000,single_snap,0,19.600,0.100,0.000,0.200,28.600,11.481,3.400,80000,1,2
2,10000,single_snap,1,19.600,0.100,0.000,0.100,28.900,11.442,1.500,80000,1,2
2,10000,single_snap,2,17.500,0.000,0.000,0.200,10.000,11.491,4.800,80000,1,2
2,10000,single_snap,3,31.400,0.000,0.000,0.200,10.900,11.449,3.300,80000,1,2
2,10000,single_snap,4,22.600,0.100,0.000,0.200,11.500,11.481,1.900,80000,1,2
2,10000,closure,0,17.200,0.000,0.000,0.100,9.200,11.549,835.700,80000,1,10000
2,10000,closure,1,22.100,0.100,0.000,0.100,21.200,11.486,846.800,80000,1,10000
2,10000,closure,2,20.600,0.000,0.100,0.200,9.300,11.479,840.400,80000,1,10000
2,10000,closure,3,26.700,0.100,0.000,0.300,27.500,11.448,841.200,80000,1,10000
2,10000,closure,4,21.500,0.000,0.100,0.100,11.700,11.483,833.900,80000,1,10000
2,10000,board,0,22.500,0.000,0.100,0.100,86.500,11.472,1289.800,80000,10000,10000
2,10000,board,1,24.700,0.000,0.100,0.100,84.900,11.508,1289.200,80000,10000,10000
2,10000,board,2,21.700,0.000,0.100,0.100,85.800,11.491,1288.600,80000,10000,10000
2,10000,board,3,24.500,0.000,0.000,0.300,84.300,11.485,1289.500,80000,10000,10000
2,10000,board,4,21.000,0.000,0.100,0.200,75.400,11.488,1286.600,80000,10000,10000
2,10000,connected,0,17.600,35.000,11.000,59.800,105.600,11.475,236.800,80000,10000,10000
2,10000,connected,1,20.900,35.200,11.000,59.800,90.600,11.542,255.000,80000,10000,10000
2,10000,connected,2,21.400,35.500,11.100,60.000,159.300,12.076,252.100,80000,10000,10000
2,10000,connected,3,21.500,35.700,11.000,60.300,137.500,11.785,255.400,80000,10000,10000
2,10000,connected,4,20.100,36.900,11.600,63.200,118.900,12.578,254.100,80000,10000,10000
2,100000,disconnected,0,165.100,0.000,0.000,0.900,749.300,11.925,5956.700,800000,100000,1
2,100000,disconnected,1,152.000,0.000,0.000,0.900,592.100,11.981,4746.800,800000,100000,1
2,100000,disconnected,2,139.300,0.000,0.100,1.500,536.300,11.603,4749.300,800000,100000,1
2,100000,disconnected,3,164.600,0.000,0.100,1.500,563.600,11.537,4757.200,800000,100000,1
2,100000,disconnected,4,139.600,0.100,0.000,1.100,595.900,11.558,4956.400,800000,100000,1
2,100000,single_snap,0,151.000,0.000,0.100,1.400,88.000,11.570,7.800,800000,1,2
2,100000,single_snap,1,144.100,0.000,0.000,0.900,91.700,11.512,4.300,800000,1,2
2,100000,single_snap,2,120.800,0.300,0.100,1.800,90.000,11.514,5.900,800000,1,2
2,100000,single_snap,3,120.300,0.100,0.100,0.800,85.200,11.482,4.300,800000,1,2
2,100000,single_snap,4,118.900,0.100,0.000,0.800,85.200,11.482,4.300,800000,1,2
2,100000,closure,0,110.200,0.000,0.000,1.000,79.900,11.485,8473.300,800000,1,100000
2,100000,closure,1,134.100,0.100,0.000,1.000,87.300,11.483,8485.800,800000,1,100000
2,100000,closure,2,130.800,0.100,0.000,1.100,84.600,11.521,8445.800,800000,1,100000
2,100000,closure,3,143.400,0.100,0.000,1.000,85.800,11.571,8491.000,800000,1,100000
2,100000,closure,4,129.000,0.100,0.000,1.800,83.600,11.553,8676.400,800000,1,100000
2,100000,board,0,143.900,0.000,0.000,1.000,577.200,11.728,14675.500,800000,100000,100000
2,100000,board,1,119.200,0.000,0.100,1.200,522.500,11.558,13682.700,800000,100000,100000
2,100000,board,2,122.500,0.000,0.000,1.100,598.200,11.620,13881.100,800000,100000,100000
2,100000,board,3,142.400,0.000,0.100,0.900,564.400,12.384,14062.000,800000,100000,100000
2,100000,board,4,152.300,0.000,0.000,1.500,634.900,12.339,14294.400,800000,100000,100000
2,100000,connected,0,146.100,374.400,115.100,636.900,982.700,12.141,2495.000,800000,100000,100000
2,100000,connected,1,144.500,361.300,115.800,623.400,913.000,11.517,3490.100,800000,100000,100000
2,100000,connected,2,153.000,351.400,110.600,636.900,903.400,13.459,3260.700,800000,100000,100000
2,100000,connected,3,133.300,351.600,110.000,597.100,1052.300,11.488,2380.400,800000,100000,100000
2,100000,connected,4,138.400,400.800,110.300,601.800,911.900,11.512,2395.700,800000,100000,100000
2,1000000,disconnected,0,778.700,0.000,0.100,7.200,5879.600,11.493,47833.600,8000000,1000000,1
2,1000000,disconnected,1,780.000,0.100,0.100,6.800,7013.300,11.585,52559.000,8000000,1000000,1
2,1000000,disconnected,2,1003.700,0.100,0.100,19.400,9025.700,11.923,50711.500,8000000,1000000,1
2,1000000,disconnected,3,1060.700,0.000,0.300,6.800,6093.400,11.510,47421.800,8000000,1000000,1
2,1000000,disconnected,4,837.900,0.100,0.300,13.100,7402.900,12.052,51496.700,8000000,1000000,1
2,1000000,single_snap,0,1093.400,0.000,0.500,7.100,865.000,11.487,46.400,8000000,1,2
2,1000000,single_snap,1,832.100,0.000,0.400,6.400,993.100,11.460,87.800,8000000,1,2
2,1000000,single_snap,2,807.100,0.100,0.600,7.400,840.600,11.407,43.600,8000000,1,2
2,1000000,single_snap,3,779.400,0.000,0.100,7.200,940.500,11.908,74.000,8000000,1,2
2,1000000,single_snap,4,842.800,0.000,0.200,7.000,859.700,11.577,64.300,8000000,1,2
2,1000000,closure,0,761.000,0.100,0.200,12.700,855.500,11.488,84860.500,8000000,1,1000000
2,1000000,closure,1,878.200,0.100,0.200,12.100,905.200,11.542,85935.500,8000000,1,1000000
2,1000000,closure,2,967.500,0.100,0.100,12.000,936.900,12.172,85270.500,8000000,1,1000000
2,1000000,closure,3,778.400,0.400,0.200,24.700,1004.300,12.466,86082.500,8000000,1,1000000
2,1000000,closure,4,787.500,0.100,0.600,7.400,950.400,11.513,86341.300,8000000,1,1000000
2,1000000,board,0,784.200,0.100,0.100,6.700,5747.500,11.471,140609.000,8000000,1000000,1000000
2,1000000,board,1,828.500,0.000,0.100,12.300,5682.900,11.520,134794.900,8000000,1000000,1000000
2,1000000,board,2,1612.300,0.100,0.200,7.100,6195.800,11.578,135696.000,8000000,1000000,1000000
2,1000000,board,3,893.400,0.100,0.200,12.500,7055.900,11.896,135871.600,8000000,1000000,1000000
2,1000000,board,4,804.800,0.100,0.100,7.300,5672.700,11.533,133533.700,8000000,1000000,1000000
2,1000000,connected,0,902.600,4379.400,1145.200,6024.200,9212.400,11.475,24088.800,8000000,1000000,1000000
2,1000000,connected,1,791.600,4305.000,1111.800,6019.400,11513.800,12.121,25060.900,8000000,1000000,1000000
2,1000000,connected,2,890.000,4277.900,1103.200,6082.300,9466.600,11.502,24126.800,8000000,1000000,1000000
2,1000000,connected,3,833.500,4482.200,1114.000,6242.300,9461.600,11.573,24576.900,8000000,1000000,1000000
2,1000000,connected,4,759.800,4796.800,1117.000,6187.800,9690.200,11.581,26141.800,8000000,1000000,1000000
