run_pass,pieces,members,command,run,release_us,released,component_size
0,1000,1,group,0,11.700,1,2
0,1000,1,group,1,1.100,1,2
0,1000,1,group,2,0.500,1,2
0,1000,1,group,3,0.400,1,2
0,1000,1,group,4,0.400,1,2
0,1000,1,group,5,0.300,1,2
0,1000,1,group,6,0.400,1,2
0,1000,1,group,7,0.400,1,2
0,1000,1,group,8,0.300,1,2
0,1000,1,group,9,0.400,1,2
0,1000,1,scalar,0,0.400,1,2
0,1000,1,scalar,1,0.300,1,2
0,1000,1,scalar,2,0.300,1,2
0,1000,1,scalar,3,0.300,1,2
0,1000,1,scalar,4,0.600,1,2
0,1000,1,scalar,5,0.400,1,2
0,1000,1,scalar,6,0.300,1,2
0,1000,1,scalar,7,0.400,1,2
0,1000,1,scalar,8,0.400,1,2
0,1000,1,scalar,9,0.300,1,2
0,1000,8,group,0,2.300,8,9
0,1000,8,group,1,1.900,8,9
0,1000,8,group,2,1.400,8,9
0,1000,8,group,3,1.400,8,9
0,1000,8,group,4,1.500,8,9
0,1000,8,group,5,1.400,8,9
0,1000,8,group,6,1.400,8,9
0,1000,8,group,7,1.400,8,9
0,1000,8,group,8,1.400,8,9
0,1000,8,group,9,1.600,8,9
0,1000,8,scalar,0,1.500,8,9
0,1000,8,scalar,1,1.400,8,9
0,1000,8,scalar,2,1.300,8,9
0,1000,8,scalar,3,1.400,8,9
0,1000,8,scalar,4,1.400,8,9
0,1000,8,scalar,5,1.400,8,9
0,1000,8,scalar,6,1.400,8,9
0,1000,8,scalar,7,1.100,8,9
0,1000,8,scalar,8,1.000,8,9
0,1000,8,scalar,9,1.600,8,9
0,1000,32,group,0,6.500,32,33
0,1000,32,group,1,4.800,32,33
0,1000,32,group,2,4.300,32,33
0,1000,32,group,3,4.500,32,33
0,1000,32,group,4,3.200,32,33
0,1000,32,group,5,5.700,32,33
0,1000,32,group,6,3.400,32,33
0,1000,32,group,7,3.000,32,33
0,1000,32,group,8,3.300,32,33
0,1000,32,group,9,3.000,32,33
0,1000,32,scalar,0,3.100,32,33
0,1000,32,scalar,1,3.000,32,33
0,1000,32,scalar,2,3.000,32,33
0,1000,32,scalar,3,3.000,32,33
0,1000,32,scalar,4,3.000,32,33
0,1000,32,scalar,5,3.100,32,33
0,1000,32,scalar,6,3.000,32,33
0,1000,32,scalar,7,3.100,32,33
0,1000,32,scalar,8,3.000,32,33
0,1000,32,scalar,9,3.000,32,33
0,10000,1,group,0,2.500,1,2
0,10000,1,group,1,3.100,1,2
0,10000,1,group,2,0.900,1,2
0,10000,1,group,3,0.600,1,2
0,10000,1,group,4,0.500,1,2
0,10000,1,group,5,2.400,1,2
0,10000,1,group,6,0.700,1,2
0,10000,1,group,7,0.600,1,2
0,10000,1,group,8,0.500,1,2
0,10000,1,group,9,0.500,1,2
0,10000,1,scalar,0,0.400,1,2
0,10000,1,scalar,1,0.400,1,2
0,10000,1,scalar,2,0.400,1,2
0,10000,1,scalar,3,0.600,1,2
0,10000,1,scalar,4,0.400,1,2
0,10000,1,scalar,5,0.400,1,2
0,10000,1,scalar,6,0.700,1,2
0,10000,1,scalar,7,0.400,1,2
0,10000,1,scalar,8,0.400,1,2
0,10000,1,scalar,9,0.500,1,2
0,10000,8,group,0,2.600,8,9
0,10000,8,group,1,1.500,8,9
0,10000,8,group,2,1.700,8,9
0,10000,8,group,3,1.300,8,9
0,10000,8,group,4,1.200,8,9
0,10000,8,group,5,3.700,8,9
0,10000,8,group,6,1.700,8,9
0,10000,8,group,7,3.500,8,9
0,10000,8,group,8,1.700,8,9
0,10000,8,group,9,1.400,8,9
0,10000,8,scalar,0,1.200,8,9
0,10000,8,scalar,1,1.100,8,9
0,10000,8,scalar,2,1.100,8,9
0,10000,8,scalar,3,1.200,8,9
0,10000,8,scalar,4,1.200,8,9
0,10000,8,scalar,5,1.200,8,9
0,10000,8,scalar,6,1.200,8,9
0,10000,8,scalar,7,1.100,8,9
0,10000,8,scalar,8,1.100,8,9
0,10000,8,scalar,9,1.200,8,9
0,10000,32,group,0,3.900,32,33
0,10000,32,group,1,3.400,32,33
0,10000,32,group,2,3.500,32,33
0,10000,32,group,3,3.500,32,33
0,10000,32,group,4,3.700,32,33
0,10000,32,group,5,3.500,32,33
0,10000,32,group,6,3.300,32,33
0,10000,32,group,7,3.700,32,33
0,10000,32,group,8,3.200,32,33
0,10000,32,group,9,3.300,32,33
0,10000,32,scalar,0,3.700,32,33
0,10000,32,scalar,1,3.200,32,33
0,10000,32,scalar,2,6.600,32,33
0,10000,32,scalar,3,5.000,32,33
0,10000,32,scalar,4,4.700,32,33
0,10000,32,scalar,5,5.000,32,33
0,10000,32,scalar,6,4.800,32,33
0,10000,32,scalar,7,3.800,32,33
0,10000,32,scalar,8,5.300,32,33
0,10000,32,scalar,9,3.800,32,33
0,100000,1,group,0,4.100,1,2
0,100000,1,group,1,3.000,1,2
0,100000,1,group,2,3.000,1,2
0,100000,1,group,3,2.800,1,2
0,100000,1,group,4,3.100,1,2
0,100000,1,group,5,1.900,1,2
0,100000,1,group,6,1.700,1,2
0,100000,1,group,7,3.000,1,2
0,100000,1,group,8,3.200,1,2
0,100000,1,group,9,1.800,1,2
0,100000,1,scalar,0,2.700,1,2
0,100000,1,scalar,1,2.100,1,2
0,100000,1,scalar,2,1.200,1,2
0,100000,1,scalar,3,2.100,1,2
0,100000,1,scalar,4,1.100,1,2
0,100000,1,scalar,5,0.800,1,2
0,100000,1,scalar,6,0.800,1,2
0,100000,1,scalar,7,0.900,1,2
0,100000,1,scalar,8,1.000,1,2
0,100000,1,scalar,9,0.600,1,2
0,100000,8,group,0,8.200,8,9
0,100000,8,group,1,5.100,8,9
0,100000,8,group,2,4.500,8,9
0,100000,8,group,3,3.300,8,9
0,100000,8,group,4,2.900,8,9
0,100000,8,group,5,3.000,8,9
0,100000,8,group,6,2.600,8,9
0,100000,8,group,7,2.600,8,9
0,100000,8,group,8,2.800,8,9
0,100000,8,group,9,2.700,8,9
0,100000,8,scalar,0,1.800,8,9
0,100000,8,scalar,1,2.200,8,9
0,100000,8,scalar,2,1.800,8,9
0,100000,8,scalar,3,1.900,8,9
0,100000,8,scalar,4,2.000,8,9
0,100000,8,scalar,5,2.500,8,9
0,100000,8,scalar,6,2.500,8,9
0,100000,8,scalar,7,2.100,8,9
0,100000,8,scalar,8,4.200,8,9
0,100000,8,scalar,9,2.100,8,9
0,100000,32,group,0,8.100,32,33
0,100000,32,group,1,5.500,32,33
0,100000,32,group,2,7.600,32,33
0,100000,32,group,3,5.600,32,33
0,100000,32,group,4,5.000,32,33
0,100000,32,group,5,5.400,32,33
0,100000,32,group,6,5.800,32,33
0,100000,32,group,7,5.100,32,33
0,100000,32,group,8,4.800,32,33
0,100000,32,group,9,5.100,32,33
0,100000,32,scalar,0,4.500,32,33
0,100000,32,scalar,1,4.800,32,33
0,100000,32,scalar,2,3.900,32,33
0,100000,32,scalar,3,4.100,32,33
0,100000,32,scalar,4,4.900,32,33
0,100000,32,scalar,5,6.300,32,33
0,100000,32,scalar,6,4.700,32,33
0,100000,32,scalar,7,4.100,32,33
0,100000,32,scalar,8,3.900,32,33
0,100000,32,scalar,9,4.500,32,33
0,1000000,1,group,0,12.400,1,2
0,1000000,1,group,1,12.100,1,2
0,1000000,1,group,2,12.100,1,2
0,1000000,1,group,3,13.000,1,2
0,1000000,1,group,4,12.000,1,2
0,1000000,1,group,5,13.600,1,2
0,1000000,1,group,6,20.000,1,2
0,1000000,1,group,7,12.600,1,2
0,1000000,1,group,8,13.500,1,2
0,1000000,1,group,9,12.900,1,2
0,1000000,1,scalar,0,7.400,1,2
0,1000000,1,scalar,1,5.600,1,2
0,1000000,1,scalar,2,7.500,1,2
0,1000000,1,scalar,3,8.900,1,2
0,1000000,1,scalar,4,8.200,1,2
0,1000000,1,scalar,5,7.200,1,2
0,1000000,1,scalar,6,8.400,1,2
0,1000000,1,scalar,7,6.800,1,2
0,1000000,1,scalar,8,6.300,1,2
0,1000000,1,scalar,9,6.900,1,2
0,1000000,8,group,0,14.800,8,9
0,1000000,8,group,1,14.900,8,9
0,1000000,8,group,2,24.900,8,9
0,1000000,8,group,3,17.200,8,9
0,1000000,8,group,4,16.000,8,9
0,1000000,8,group,5,15.800,8,9
0,1000000,8,group,6,13.900,8,9
0,1000000,8,group,7,15.200,8,9
0,1000000,8,group,8,17.000,8,9
0,1000000,8,group,9,16.100,8,9
0,1000000,8,scalar,0,8.100,8,9
0,1000000,8,scalar,1,11.300,8,9
0,1000000,8,scalar,2,11.900,8,9
0,1000000,8,scalar,3,9.000,8,9
0,1000000,8,scalar,4,9.500,8,9
0,1000000,8,scalar,5,9.200,8,9
0,1000000,8,scalar,6,11.000,8,9
0,1000000,8,scalar,7,9.000,8,9
0,1000000,8,scalar,8,9.200,8,9
0,1000000,8,scalar,9,10.000,8,9
0,1000000,32,group,0,20.300,32,33
0,1000000,32,group,1,17.100,32,33
0,1000000,32,group,2,18.000,32,33
0,1000000,32,group,3,17.400,32,33
0,1000000,32,group,4,18.600,32,33
0,1000000,32,group,5,18.400,32,33
0,1000000,32,group,6,18.800,32,33
0,1000000,32,group,7,16.300,32,33
0,1000000,32,group,8,17.800,32,33
0,1000000,32,group,9,17.700,32,33
0,1000000,32,scalar,0,13.300,32,33
0,1000000,32,scalar,1,12.500,32,33
0,1000000,32,scalar,2,11.600,32,33
0,1000000,32,scalar,3,12.200,32,33
0,1000000,32,scalar,4,16.800,32,33
0,1000000,32,scalar,5,23.800,32,33
0,1000000,32,scalar,6,19.800,32,33
0,1000000,32,scalar,7,20.100,32,33
0,1000000,32,scalar,8,18.100,32,33
0,1000000,32,scalar,9,20.200,32,33
1,1000,1,group,0,14.000,1,2
1,1000,1,group,1,0.900,1,2
1,1000,1,group,2,0.500,1,2
1,1000,1,group,3,0.600,1,2
1,1000,1,group,4,0.500,1,2
1,1000,1,group,5,0.400,1,2
1,1000,1,group,6,0.300,1,2
1,1000,1,group,7,0.400,1,2
1,1000,1,group,8,0.300,1,2
1,1000,1,group,9,0.400,1,2
1,1000,1,scalar,0,0.500,1,2
1,1000,1,scalar,1,0.500,1,2
1,1000,1,scalar,2,0.500,1,2
1,1000,1,scalar,3,0.500,1,2
1,1000,1,scalar,4,0.400,1,2
1,1000,1,scalar,5,0.500,1,2
1,1000,1,scalar,6,0.500,1,2
1,1000,1,scalar,7,0.400,1,2
1,1000,1,scalar,8,0.500,1,2
1,1000,1,scalar,9,0.400,1,2
1,1000,8,group,0,2.600,8,9
1,1000,8,group,1,1.900,8,9
1,1000,8,group,2,1.400,8,9
1,1000,8,group,3,1.400,8,9
1,1000,8,group,4,1.500,8,9
1,1000,8,group,5,1.400,8,9
1,1000,8,group,6,1.500,8,9
1,1000,8,group,7,1.300,8,9
1,1000,8,group,8,1.500,8,9
1,1000,8,group,9,6.400,8,9
1,1000,8,scalar,0,2.000,8,9
1,1000,8,scalar,1,1.100,8,9
1,1000,8,scalar,2,1.100,8,9
1,1000,8,scalar,3,1.100,8,9
1,1000,8,scalar,4,1.100,8,9
1,1000,8,scalar,5,1.100,8,9
1,1000,8,scalar,6,1.100,8,9
1,1000,8,scalar,7,1.000,8,9
1,1000,8,scalar,8,1.100,8,9
1,1000,8,scalar,9,1.100,8,9
1,1000,32,group,0,3.600,32,33
1,1000,32,group,1,4.200,32,33
1,1000,32,group,2,4.300,32,33
1,1000,32,group,3,3.300,32,33
1,1000,32,group,4,3.200,32,33
1,1000,32,group,5,3.000,32,33
1,1000,32,group,6,3.000,32,33
1,1000,32,group,7,3.100,32,33
1,1000,32,group,8,2.900,32,33
1,1000,32,group,9,3.000,32,33
1,1000,32,scalar,0,3.000,32,33
1,1000,32,scalar,1,4.100,32,33
1,1000,32,scalar,2,23.500,32,33
1,1000,32,scalar,3,4.300,32,33
1,1000,32,scalar,4,32.400,32,33
1,1000,32,scalar,5,4.100,32,33
1,1000,32,scalar,6,3.100,32,33
1,1000,32,scalar,7,3.000,32,33
1,1000,32,scalar,8,3.900,32,33
1,1000,32,scalar,9,4.600,32,33
1,10000,1,group,0,1.300,1,2
1,10000,1,group,1,0.800,1,2
1,10000,1,group,2,1.200,1,2
1,10000,1,group,3,0.800,1,2
1,10000,1,group,4,0.800,1,2
1,10000,1,group,5,0.900,1,2
1,10000,1,group,6,0.600,1,2
1,10000,1,group,7,0.600,1,2
1,10000,1,group,8,0.600,1,2
1,10000,1,group,9,0.600,1,2
1,10000,1,scalar,0,0.600,1,2
1,10000,1,scalar,1,0.500,1,2
1,10000,1,scalar,2,0.500,1,2
1,10000,1,scalar,3,4.500,1,2
1,10000,1,scalar,4,1.700,1,2
1,10000,1,scalar,5,1.100,1,2
1,10000,1,scalar,6,0.600,1,2
1,10000,1,scalar,7,0.600,1,2
1,10000,1,scalar,8,0.600,1,2
1,10000,1,scalar,9,1.000,1,2
1,10000,8,group,0,3.300,8,9
1,10000,8,group,1,1.800,8,9
1,10000,8,group,2,1.400,8,9
1,10000,8,group,3,1.400,8,9
1,10000,8,group,4,6.300,8,9
1,10000,8,group,5,2.600,8,9
1,10000,8,group,6,1.700,8,9
1,10000,8,group,7,1.300,8,9
1,10000,8,group,8,1.400,8,9
1,10000,8,group,9,1.300,8,9
1,10000,8,scalar,0,1.300,8,9
1,10000,8,scalar,1,1.300,8,9
1,10000,8,scalar,2,1.300,8,9
1,10000,8,scalar,3,2.400,8,9
1,10000,8,scalar,4,1.600,8,9
1,10000,8,scalar,5,1.300,8,9
1,10000,8,scalar,6,1.300,8,9
1,10000,8,scalar,7,1.700,8,9
1,10000,8,scalar,8,1.500,8,9
1,10000,8,scalar,9,1.400,8,9
1,10000,32,group,0,4.200,32,33
1,10000,32,group,1,3.700,32,33
1,10000,32,group,2,3.600,32,33
1,10000,32,group,3,3.800,32,33
1,10000,32,group,4,3.400,32,33
1,10000,32,group,5,6.800,32,33
1,10000,32,group,6,4.100,32,33
1,10000,32,group,7,3.800,32,33
1,10000,32,group,8,4.000,32,33
1,10000,32,group,9,3.600,32,33
1,10000,32,scalar,0,4.000,32,33
1,10000,32,scalar,1,3.200,32,33
1,10000,32,scalar,2,3.200,32,33
1,10000,32,scalar,3,3.100,32,33
1,10000,32,scalar,4,3.400,32,33
1,10000,32,scalar,5,3.400,32,33
1,10000,32,scalar,6,6.700,32,33
1,10000,32,scalar,7,3.700,32,33
1,10000,32,scalar,8,3.500,32,33
1,10000,32,scalar,9,3.300,32,33
1,100000,1,group,0,1.800,1,2
1,100000,1,group,1,1.900,1,2
1,100000,1,group,2,2.700,1,2
1,100000,1,group,3,1.500,1,2
1,100000,1,group,4,1.300,1,2
1,100000,1,group,5,2.700,1,2
1,100000,1,group,6,2.800,1,2
1,100000,1,group,7,2.500,1,2
1,100000,1,group,8,1.400,1,2
1,100000,1,group,9,1.300,1,2
1,100000,1,scalar,0,0.700,1,2
1,100000,1,scalar,1,0.800,1,2
1,100000,1,scalar,2,0.700,1,2
1,100000,1,scalar,3,0.600,1,2
1,100000,1,scalar,4,0.700,1,2
1,100000,1,scalar,5,0.600,1,2
1,100000,1,scalar,6,0.700,1,2
1,100000,1,scalar,7,0.800,1,2
1,100000,1,scalar,8,0.700,1,2
1,100000,1,scalar,9,2.000,1,2
1,100000,8,group,0,5.000,8,9
1,100000,8,group,1,3.500,8,9
1,100000,8,group,2,6.600,8,9
1,100000,8,group,3,3.500,8,9
1,100000,8,group,4,4.800,8,9
1,100000,8,group,5,3.500,8,9
1,100000,8,group,6,2.800,8,9
1,100000,8,group,7,2.700,8,9
1,100000,8,group,8,2.400,8,9
1,100000,8,group,9,2.700,8,9
1,100000,8,scalar,0,4.500,8,9
1,100000,8,scalar,1,2.300,8,9
1,100000,8,scalar,2,3.000,8,9
1,100000,8,scalar,3,2.700,8,9
1,100000,8,scalar,4,2.200,8,9
1,100000,8,scalar,5,1.700,8,9
1,100000,8,scalar,6,1.800,8,9
1,100000,8,scalar,7,2.300,8,9
1,100000,8,scalar,8,3.800,8,9
1,100000,8,scalar,9,2.000,8,9
1,100000,32,group,0,6.300,32,33
1,100000,32,group,1,8.800,32,33
1,100000,32,group,2,9.300,32,33
1,100000,32,group,3,7.800,32,33
1,100000,32,group,4,8.200,32,33
1,100000,32,group,5,6.600,32,33
1,100000,32,group,6,6.200,32,33
1,100000,32,group,7,6.700,32,33
1,100000,32,group,8,6.600,32,33
1,100000,32,group,9,6.500,32,33
1,100000,32,scalar,0,7.300,32,33
1,100000,32,scalar,1,7.200,32,33
1,100000,32,scalar,2,8.600,32,33
1,100000,32,scalar,3,9.100,32,33
1,100000,32,scalar,4,6.100,32,33
1,100000,32,scalar,5,5.500,32,33
1,100000,32,scalar,6,4.700,32,33
1,100000,32,scalar,7,5.600,32,33
1,100000,32,scalar,8,5.100,32,33
1,100000,32,scalar,9,7.000,32,33
1,1000000,1,group,0,12.500,1,2
1,1000000,1,group,1,13.600,1,2
1,1000000,1,group,2,12.200,1,2
1,1000000,1,group,3,14.100,1,2
1,1000000,1,group,4,13.800,1,2
1,1000000,1,group,5,12.400,1,2
1,1000000,1,group,6,12.300,1,2
1,1000000,1,group,7,13.000,1,2
1,1000000,1,group,8,13.300,1,2
1,1000000,1,group,9,12.400,1,2
1,1000000,1,scalar,0,8.400,1,2
1,1000000,1,scalar,1,14.300,1,2
1,1000000,1,scalar,2,13.400,1,2
1,1000000,1,scalar,3,7.400,1,2
1,1000000,1,scalar,4,6.300,1,2
1,1000000,1,scalar,5,9.700,1,2
1,1000000,1,scalar,6,7.100,1,2
1,1000000,1,scalar,7,6.600,1,2
1,1000000,1,scalar,8,6.500,1,2
1,1000000,1,scalar,9,6.400,1,2
1,1000000,8,group,0,15.800,8,9
1,1000000,8,group,1,16.800,8,9
1,1000000,8,group,2,15.600,8,9
1,1000000,8,group,3,14.300,8,9
1,1000000,8,group,4,15.700,8,9
1,1000000,8,group,5,15.800,8,9
1,1000000,8,group,6,16.900,8,9
1,1000000,8,group,7,16.000,8,9
1,1000000,8,group,8,14.900,8,9
1,1000000,8,group,9,14.200,8,9
1,1000000,8,scalar,0,8.300,8,9
1,1000000,8,scalar,1,8.800,8,9
1,1000000,8,scalar,2,7.800,8,9
1,1000000,8,scalar,3,9.000,8,9
1,1000000,8,scalar,4,10.100,8,9
1,1000000,8,scalar,5,10.200,8,9
1,1000000,8,scalar,6,9.200,8,9
1,1000000,8,scalar,7,8.800,8,9
1,1000000,8,scalar,8,8.100,8,9
1,1000000,8,scalar,9,9.400,8,9
1,1000000,32,group,0,16.600,32,33
1,1000000,32,group,1,17.800,32,33
1,1000000,32,group,2,17.000,32,33
1,1000000,32,group,3,22.400,32,33
1,1000000,32,group,4,16.300,32,33
1,1000000,32,group,5,16.900,32,33
1,1000000,32,group,6,17.800,32,33
1,1000000,32,group,7,25.600,32,33
1,1000000,32,group,8,18.500,32,33
1,1000000,32,group,9,20.200,32,33
1,1000000,32,scalar,0,11.500,32,33
1,1000000,32,scalar,1,11.600,32,33
1,1000000,32,scalar,2,15.400,32,33
1,1000000,32,scalar,3,12.100,32,33
1,1000000,32,scalar,4,19.600,32,33
1,1000000,32,scalar,5,11.800,32,33
1,1000000,32,scalar,6,11.600,32,33
1,1000000,32,scalar,7,10.600,32,33
1,1000000,32,scalar,8,12.700,32,33
1,1000000,32,scalar,9,12.600,32,33
2,1000,1,group,0,12.300,1,2
2,1000,1,group,1,0.800,1,2
2,1000,1,group,2,0.500,1,2
2,1000,1,group,3,0.300,1,2
2,1000,1,group,4,0.400,1,2
2,1000,1,group,5,0.400,1,2
2,1000,1,group,6,0.400,1,2
2,1000,1,group,7,0.400,1,2
2,1000,1,group,8,0.400,1,2
2,1000,1,group,9,0.400,1,2
2,1000,1,scalar,0,0.400,1,2
2,1000,1,scalar,1,0.400,1,2
2,1000,1,scalar,2,0.300,1,2
2,1000,1,scalar,3,0.400,1,2
2,1000,1,scalar,4,0.300,1,2
2,1000,1,scalar,5,0.400,1,2
2,1000,1,scalar,6,0.400,1,2
2,1000,1,scalar,7,0.300,1,2
2,1000,1,scalar,8,0.300,1,2
2,1000,1,scalar,9,0.300,1,2
2,1000,8,group,0,2.300,8,9
2,1000,8,group,1,1.600,8,9
2,1000,8,group,2,1.100,8,9
2,1000,8,group,3,1.200,8,9
2,1000,8,group,4,1.500,8,9
2,1000,8,group,5,1.500,8,9
2,1000,8,group,6,1.500,8,9
2,1000,8,group,7,1.100,8,9
2,1000,8,group,8,1.100,8,9
2,1000,8,group,9,1.100,8,9
2,1000,8,scalar,0,1.500,8,9
2,1000,8,scalar,1,2.000,8,9
2,1000,8,scalar,2,1.300,8,9
2,1000,8,scalar,3,4.100,8,9
2,1000,8,scalar,4,1.600,8,9
2,1000,8,scalar,5,1.200,8,9
2,1000,8,scalar,6,1.100,8,9
2,1000,8,scalar,7,1.000,8,9
2,1000,8,scalar,8,1.000,8,9
2,1000,8,scalar,9,1.000,8,9
2,1000,32,group,0,3.900,32,33
2,1000,32,group,1,3.400,32,33
2,1000,32,group,2,3.200,32,33
2,1000,32,group,3,3.200,32,33
2,1000,32,group,4,3.000,32,33
2,1000,32,group,5,3.100,32,33
2,1000,32,group,6,3.500,32,33
2,1000,32,group,7,3.100,32,33
2,1000,32,group,8,3.200,32,33
2,1000,32,group,9,3.000,32,33
2,1000,32,scalar,0,3.000,32,33
2,1000,32,scalar,1,3.100,32,33
2,1000,32,scalar,2,3.000,32,33
2,1000,32,scalar,3,3.100,32,33
2,1000,32,scalar,4,2.900,32,33
2,1000,32,scalar,5,3.000,32,33
2,1000,32,scalar,6,2.900,32,33
2,1000,32,scalar,7,3.000,32,33
2,1000,32,scalar,8,3.000,32,33
2,1000,32,scalar,9,3.000,32,33
2,10000,1,group,0,2.600,1,2
2,10000,1,group,1,1.300,1,2
2,10000,1,group,2,0.600,1,2
2,10000,1,group,3,0.900,1,2
2,10000,1,group,4,0.800,1,2
2,10000,1,group,5,0.700,1,2
2,10000,1,group,6,0.500,1,2
2,10000,1,group,7,0.700,1,2
2,10000,1,group,8,0.500,1,2
2,10000,1,group,9,0.500,1,2
2,10000,1,scalar,0,0.900,1,2
2,10000,1,scalar,1,0.700,1,2
2,10000,1,scalar,2,0.600,1,2
2,10000,1,scalar,3,0.500,1,2
2,10000,1,scalar,4,0.500,1,2
2,10000,1,scalar,5,0.400,1,2
2,10000,1,scalar,6,0.400,1,2
2,10000,1,scalar,7,2.200,1,2
2,10000,1,scalar,8,0.700,1,2
2,10000,1,scalar,9,0.600,1,2
2,10000,8,group,0,3.100,8,9
2,10000,8,group,1,1.700,8,9
2,10000,8,group,2,1.400,8,9
2,10000,8,group,3,1.200,8,9
2,10000,8,group,4,1.200,8,9
2,10000,8,group,5,3.600,8,9
2,10000,8,group,6,1.600,8,9
2,10000,8,group,7,1.400,8,9
2,10000,8,group,8,1.400,8,9
2,10000,8,group,9,1.300,8,9
2,10000,8,scalar,0,1.200,8,9
2,10000,8,scalar,1,1.100,8,9
2,10000,8,scalar,2,1.200,8,9
2,10000,8,scalar,3,1.100,8,9
2,10000,8,scalar,4,1.100,8,9
2,10000,8,scalar,5,1.100,8,9
2,10000,8,scalar,6,1.100,8,9
2,10000,8,scalar,7,1.100,8,9
2,10000,8,scalar,8,1.200,8,9
2,10000,8,scalar,9,1.100,8,9
2,10000,32,group,0,4.300,32,33
2,10000,32,group,1,3.600,32,33
2,10000,32,group,2,3.500,32,33
2,10000,32,group,3,3.400,32,33
2,10000,32,group,4,3.500,32,33
2,10000,32,group,5,3.300,32,33
2,10000,32,group,6,3.200,32,33
2,10000,32,group,7,3.200,32,33
2,10000,32,group,8,3.200,32,33
2,10000,32,group,9,3.500,32,33
2,10000,32,scalar,0,3.200,32,33
2,10000,32,scalar,1,3.200,32,33
2,10000,32,scalar,2,3.000,32,33
2,10000,32,scalar,3,3.300,32,33
2,10000,32,scalar,4,4.900,32,33
2,10000,32,scalar,5,3.200,32,33
2,10000,32,scalar,6,3.200,32,33
2,10000,32,scalar,7,3.100,32,33
2,10000,32,scalar,8,4.200,32,33
2,10000,32,scalar,9,3.300,32,33
2,100000,1,group,0,2.900,1,2
2,100000,1,group,1,2.800,1,2
2,100000,1,group,2,2.900,1,2
2,100000,1,group,3,1.600,1,2
2,100000,1,group,4,2.900,1,2
2,100000,1,group,5,3.200,1,2
2,100000,1,group,6,1.900,1,2
2,100000,1,group,7,1.400,1,2
2,100000,1,group,8,1.500,1,2
2,100000,1,group,9,2.800,1,2
2,100000,1,scalar,0,1.000,1,2
2,100000,1,scalar,1,0.900,1,2
2,100000,1,scalar,2,2.200,1,2
2,100000,1,scalar,3,2.100,1,2
2,100000,1,scalar,4,2.000,1,2
2,100000,1,scalar,5,2.700,1,2
2,100000,1,scalar,6,1.300,1,2
2,100000,1,scalar,7,1.000,1,2
2,100000,1,scalar,8,0.900,1,2
2,100000,1,scalar,9,2.300,1,2
2,100000,8,group,0,4.700,8,9
2,100000,8,group,1,3.300,8,9
2,100000,8,group,2,4.300,8,9
2,100000,8,group,3,2.700,8,9
2,100000,8,group,4,2.800,8,9
2,100000,8,group,5,4.600,8,9
2,100000,8,group,6,2.800,8,9
2,100000,8,group,7,2.400,8,9
2,100000,8,group,8,2.600,8,9
2,100000,8,group,9,2.400,8,9
2,100000,8,scalar,0,1.900,8,9
2,100000,8,scalar,1,2.800,8,9
2,100000,8,scalar,2,2.100,8,9
2,100000,8,scalar,3,1.600,8,9
2,100000,8,scalar,4,7.000,8,9
2,100000,8,scalar,5,6.500,8,9
2,100000,8,scalar,6,6.800,8,9
2,100000,8,scalar,7,3.500,8,9
2,100000,8,scalar,8,4.900,8,9
2,100000,8,scalar,9,3.600,8,9
2,100000,32,group,0,8.100,32,33
2,100000,32,group,1,5.900,32,33
2,100000,32,group,2,10.100,32,33
2,100000,32,group,3,8.500,32,33
2,100000,32,group,4,9.900,32,33
2,100000,32,group,5,8.400,32,33
2,100000,32,group,6,9.100,32,33
2,100000,32,group,7,7.500,32,33
2,100000,32,group,8,9.500,32,33
2,100000,32,group,9,8.200,32,33
2,100000,32,scalar,0,8.400,32,33
2,100000,32,scalar,1,6.100,32,33
2,100000,32,scalar,2,8.800,32,33
2,100000,32,scalar,3,9.000,32,33
2,100000,32,scalar,4,8.300,32,33
2,100000,32,scalar,5,5.900,32,33
2,100000,32,scalar,6,6.600,32,33
2,100000,32,scalar,7,5.300,32,33
2,100000,32,scalar,8,9.400,32,33
2,100000,32,scalar,9,7.000,32,33
2,1000000,1,group,0,11.700,1,2
2,1000000,1,group,1,12.200,1,2
2,1000000,1,group,2,12.800,1,2
2,1000000,1,group,3,12.400,1,2
2,1000000,1,group,4,12.000,1,2
2,1000000,1,group,5,12.400,1,2
2,1000000,1,group,6,12.400,1,2
2,1000000,1,group,7,13.400,1,2
2,1000000,1,group,8,13.700,1,2
2,1000000,1,group,9,13.500,1,2
2,1000000,1,scalar,0,7.700,1,2
2,1000000,1,scalar,1,8.500,1,2
2,1000000,1,scalar,2,6.400,1,2
2,1000000,1,scalar,3,7.400,1,2
2,1000000,1,scalar,4,6.700,1,2
2,1000000,1,scalar,5,6.300,1,2
2,1000000,1,scalar,6,5.800,1,2
2,1000000,1,scalar,7,7.700,1,2
2,1000000,1,scalar,8,5.900,1,2
2,1000000,1,scalar,9,6.800,1,2
2,1000000,8,group,0,30.100,8,9
2,1000000,8,group,1,15.000,8,9
2,1000000,8,group,2,15.100,8,9
2,1000000,8,group,3,15.400,8,9
2,1000000,8,group,4,16.700,8,9
2,1000000,8,group,5,16.200,8,9
2,1000000,8,group,6,15.100,8,9
2,1000000,8,group,7,15.500,8,9
2,1000000,8,group,8,15.200,8,9
2,1000000,8,group,9,17.200,8,9
2,1000000,8,scalar,0,9.500,8,9
2,1000000,8,scalar,1,11.500,8,9
2,1000000,8,scalar,2,12.000,8,9
2,1000000,8,scalar,3,12.100,8,9
2,1000000,8,scalar,4,11.300,8,9
2,1000000,8,scalar,5,9.500,8,9
2,1000000,8,scalar,6,9.900,8,9
2,1000000,8,scalar,7,8.300,8,9
2,1000000,8,scalar,8,9.100,8,9
2,1000000,8,scalar,9,11.300,8,9
2,1000000,32,group,0,20.000,32,33
2,1000000,32,group,1,19.700,32,33
2,1000000,32,group,2,18.500,32,33
2,1000000,32,group,3,17.400,32,33
2,1000000,32,group,4,20.800,32,33
2,1000000,32,group,5,20.300,32,33
2,1000000,32,group,6,16.700,32,33
2,1000000,32,group,7,18.300,32,33
2,1000000,32,group,8,39.100,32,33
2,1000000,32,group,9,74.500,32,33
2,1000000,32,scalar,0,21.500,32,33
2,1000000,32,scalar,1,24.100,32,33
2,1000000,32,scalar,2,19.200,32,33
2,1000000,32,scalar,3,18.900,32,33
2,1000000,32,scalar,4,12.400,32,33
2,1000000,32,scalar,5,13.700,32,33
2,1000000,32,scalar,6,13.800,32,33
2,1000000,32,scalar,7,11.000,32,33
2,1000000,32,scalar,8,11.700,32,33
2,1000000,32,scalar,9,14.100,32,33
